EXID,ExCreation,ExThreat,ExTTPs,ExCategories,ExGroups,ExSoftware,ExStructure,ExMaturity,ExComplexity,ExLength,ExAudience,ExTradeCraftIntra,ExTradeCraftInter,ExTechniqueIDs,ExTactics,ExPlatforms,ExDataSources
1,2022-10-07,Ransomware,Windows Management Instrumentation Event Subscription;Lateral Movement;Initial Access;Command Obfuscation;Web Protocols;Browser Information Discovery;Domain Groups,Malware;Dark web;Crypto,Scattered Spider;Aquatic Panda;Windshift;HEXANE;Silence;Rancor;APT29;Sandworm Team;SilverTerrier;Higaisa,RGDoor,Response;Media;Validation;Impact;Detection;Privacy;Notification,3,5,150,Vulnerability Management;SecOps,0.915988,0.805511,T1546.003;T1021;T1195.002;T1027.010;T1071.001;T1217;T1069.002,command-and-control;defense-evasion;discovery;initial-access;lateral-movement;persistence;privilege-escalation,ESXi;IaaS;Linux;Network Devices;Windows;macOS,"Behavioral Detection of Domain Group Discovery;Compromised software/update chain (installer/write → first-run/child → egress/signature anomaly);Detection Strategy for Command Obfuscation;Behavioral Detection Strategy for Remote Service Logins and Post-Access Activity;Detection of Local Browser Artifact Access for Reconnaissance;Detection of Web Protocol-Based C2 Over HTTP, HTTPS, or WebSockets;Detect WMI Event Subscription for Persistence via WmiPrvSE Process and MOF Compilation"
2,2021-09-16,Ransomware;Data Breach,Code Signing;Collection;Privilege Escalation;Domain Groups;Dynamic Data Exchange;Impact;Password Guessing;Registry Run Keys / Startup Folder,Financial;Exfiltration,Tropic Trooper;Higaisa;Dark Caracal;Rocke;APT18;Patchwork;Turla;Gallmaker;Inception,Gootloader;Lucifer;GoBear,Notification;Privacy;Detection;Validation;Legal;Exfiltration;Media;Impact;Developments;Response,1,5,105,Media;Network,0.930595,0.995813,T1553.002;T1039;T1543.002;T1069.002;T1559.002;T1485;T1110.001;T1547.001,collection;credential-access;defense-evasion;discovery;execution;impact;persistence;privilege-escalation,Containers;ESXi;IaaS;Identity Provider;Linux;Network Devices;Office Suite;SaaS;Windows;macOS,Behavioral Detection of Domain Group Discovery;Detect Registry and Startup Folder Persistence (Windows);Detection of Data Destruction Across Platforms via Mass Overwrite and Deletion Patterns;Detect Suspicious or Malicious Code Signing Abuse;Password Guessing via Multi-Source Authentication Failure Correlation;Detection of Systemd Service Creation or Modification on Linux;Detect Abuse of Dynamic Data Exchange (T1559.002);Detection Strategy for Data from Network Shared Drive
3,2024-03-05,Ransomware,Inhibit System Recovery;Business Relationships;Exfiltration;Windows Service;Execution;Mark-of-the-Web Bypass;Application Layer Protocol;Defense Evasion,Ransom negotiation;Malware,Agrius;admin@338;Blue Mockingbird;Sandworm Team;Chimera;INC Ransom;Wizard Spider;Earth Lusca;Suckfly;FIN6,AppleJeus;WhisperGate;HOPLIGHT,Response;Validation;Legal;Developments;Notification;Exfiltration;Detection;Impact;Media;Privacy,1,5,90,Threat Intel;Exec,0.661066,0.761951,T1490;T1591.002;T1537;T1543.003;T1059.003;T1553.005;T1071;T1027.004,command-and-control;defense-evasion;execution;exfiltration;impact;persistence;privilege-escalation;reconnaissance,Containers;ESXi;IaaS;Linux;Network Devices;Office Suite;PRE;SaaS;Windows;macOS,Detect Mark-of-the-Web (MOTW) Bypass via Container and Disk Image Files;Detection Strategy for Compile After Delivery - Source Code to Executable Transformation;Detection of Business Relationships;Detection of Windows Service Creation or Modification;Detection of Command and Control Over Application Layer Protocols;Cross-Platform Detection of Data Transfer to Cloud Account;Behavioral Detection of Windows Command Shell Execution;Behavioral Detection for T1490 - Inhibit System Recovery
4,2024-10-16,Crypto Miner,Environmental Keying;Obfuscated Files or Information;Private Keys,Botnet;Malware,Sandworm Team;Gamaredon Group;Scattered Spider;APT41;RedCurl;Kimsuky;APT3;Equation;Ke3chang;BlackOasis;Windshift;BackdoorDiplomacy;TeamTNT;APT37,BUSHWALK;KillDisk;Cuba;Sliver;Lumma Stealer,Validation;Exfiltration;Impact;Notification;Legal;Media;Detection;Developments,2,4,90,Network;Threat Intel,0.071521,0.743165,T1480.001;T1027;T1552.004,credential-access;defense-evasion,ESXi;Linux;Network Devices;Windows;macOS,Detect Suspicious Access to Private Key Files and Export Attempts Across Platforms;Environmental Keying Discovery-to-Decryption Behavioral Chain Detection Strategy;Behavioral Detection of Obfuscated Files or Information
5,2020-03-13,Supply Chain,Identify Business Tempo;Acquire Access;Network Trust Dependencies;Hijack Execution Flow;Initial Access;Code Signing Certificates;SEO Poisoning;Defense Evasion,Malware;Dark web,Wizard Spider;Kimsuky;Moses Staff;Saint Bear;Medusa Group;Scattered Spider,TONESHELL;Gazer;Metamorfo;Black Basta,Impact;Notification;Developments;Detection,4,2,60,Exec;Network,0.152801,1.0,T1591.003;T1650;T1590.003;T1574;T1195.002;T1588.003;T1608.006;T1553.002,defense-evasion;initial-access;persistence;privilege-escalation;reconnaissance;resource-development,Linux;PRE;Windows;macOS,Detection Strategy for Hijack Execution Flow across OS platforms.;Detection of Network Trust Dependencies;Detection of Identify Business Tempo;Compromised software/update chain (installer/write → first-run/child → egress/signature anomaly);Detect Suspicious or Malicious Code Signing Abuse;Detection of Acquire Access;Detection of SEO Poisoning;Detection of Code Signing Certificates
6,2021-10-20,Insider Threat,VNC;Web Services;SSH Hijacking;Disk Wipe,Impact;Financial;Exfiltration;Data breach,Magic Hound;Gamaredon Group;APT17;APT29;TA2541;Kimsuky;TA578;Earth Lusca;ZIRCONIUM;APT28,DanBot,Detection;Validation;Impact;Media,2,4,105,SecOps;Legal,0.37846,0.871075,T1021.005;T1583.006;T1563.001;T1561,impact;lateral-movement;resource-development,Linux;Network Devices;PRE;Windows;macOS,Behavioral Detection of Unauthorized VNC Remote Control Sessions;Detection Strategy for SSH Session Hijacking;Detection Strategy for Disk Wipe via Direct Disk Access and Destructive Commands;Detection of Web Services
7,2022-10-07,Banking Trojan,Bypass User Account Control;Defense Evasion;Resource Development;Privilege Escalation;Multi-Factor Authentication Request Generation,Botnet;Data breach;Exfiltration;C2,Lotus Blossom;FIN6;Threat Group-3390;Scattered Spider;Blue Mockingbird;Storm-1811;Contagious Interview;Patchwork;APT41;Earth Lusca;LAPSUS$;APT42;Cobalt Group;MuddyWater;Kimsuky,Qilin;RCSession,Notification;Privacy;Validation;Response,4,2,75,Threat Intel;SecOps,0.44416,0.735676,T1548.002;T1656;T1586.003;T1134;T1621,credential-access;defense-evasion;privilege-escalation;resource-development,IaaS;Identity Provider;Linux;Office Suite;PRE;SaaS;Windows;macOS,Detection Strategy for Impersonation;Detection of Cloud Accounts;Detection Strategy for Multi-Factor Authentication Request Generation (T1621);Behavior-chain detection for T1134 Access Token Manipulation on Windows;Detection Strategy for T1548.002 – Bypass User Account Control (UAC)
8,2022-09-28,Web Shell;Remote Access Trojan,Defense Evasion;RC Scripts;Vulnerability Scanning;Collection;DNS Server;Browser Information Discovery,Exfiltration;C2;Initial Access,Turla;Fox Kitten;Sowbug,HiddenWasp;PoshC2,Notification;Response;Privacy;Detection;Exfiltration;Developments;Validation;Media;Legal,1,4,225,Threat Intel;SecOps,0.733862,0.61804,T1218.003;T1037.004;T1595.002;T1560.001;T1583.002;T1217,collection;defense-evasion;discovery;persistence;privilege-escalation;reconnaissance;resource-development,ESXi;Linux;Network Devices;PRE;Windows;macOS,Detection of Local Browser Artifact Access for Reconnaissance;Detection of DNS Server;Detection of Vulnerability Scanning;Detection of Malicious Profile Installation via CMSTP.exe;Detect Archiving via Utility (T1560.001);Detection Strategy for Boot or Logon Initialization Scripts: RC Scripts
9,2024-07-12,Phishing,Business Relationships;Defense Evasion;XSL Script Processing;IP Addresses;Email Addresses;Parent PID Spoofing;Reconnaissance,Data breach;Initial Access;Malware,Magic Hound;Higaisa;Volt Typhoon;Silent Librarian;TA551;Moonstone Sleet;APT32;Andariel;LAPSUS$;HEXANE;Lazarus Group;Cobalt Group;EXOTIC LILY;Dragonfly;Kimsuky,Cobalt Strike;PipeMon;AADInternals,Validation;Privacy;Notification,2,4,30,Legal;SecOps,0.571184,0.990309,T1591.002;T1672;T1220;T1590.005;T1589.002;T1134.004;T1590.001,defense-evasion;privilege-escalation;reconnaissance,Linux;Office Suite;PRE;Windows;macOS,Detect XSL Script Abuse via msxsl and wmic;Detection of Business Relationships;Behavior-chain detection for T1134.004 Access Token Manipulation: Parent PID Spoofing (Windows);Detection of IP Addresses;Detection of Email Addresses;Detection of Domain Properties;Detection Strategy for Email Spoofing
10,2022-08-15,Remote Access Trojan;Supply Chain,Resource Development;Discovery;Search Victim-Owned Websites;Execution;Network Devices;Remote Access Tools,Malware;Dark web,INC Ransom;HAFNIUM;Tropic Trooper;Volt Typhoon,KGH_SPY;SUGARDUMP;ShimRatReporter,Notification;Privacy;Developments;Exfiltration;Response;Detection;Media;Legal;Validation,1,2,120,Vulnerability Management;SecOps,0.489931,0.79279,T1583.006;T1518;T1594;T1059.013;T1584.008;T1219,command-and-control;discovery;execution;reconnaissance;resource-development,Containers;ESXi;IaaS;Linux;PRE;Windows;macOS,Container CLI and API Abuse via Docker/Kubernetes (T1059.013);Detection of Network Devices;Detection of Web Services;Multi-Platform Software Discovery Behavior Chain;Behavior-Chain Detection for Remote Access Tools (Tool-Agnostic);Detection of Search Victim-Owned Websites
11,2020-09-08,Web Shell,Ingress Tool Transfer;Data Encrypted for Impact;System Network Configuration Discovery;Remote Desktop Protocol;Local Accounts;Gather Victim Identity Information,Exfiltration;Initial Access;C2,Earth Lusca;Darkhotel;APT28;Lotus Blossom;Magic Hound;Sandworm Team,Netwalker;Squirrelwaffle;Azorult;HyperBro,Media;Developments;Impact;Validation;Legal;Response;Privacy;Exfiltration;Detection,3,3,90,Network;SecOps,0.794852,0.915287,T1105;T1486;T1016;T1021.001;T1078.003;T1589,command-and-control;defense-evasion;discovery;impact;initial-access;lateral-movement;persistence;privilege-escalation;reconnaissance,Containers;ESXi;IaaS;Linux;Network Devices;PRE;Windows;macOS,Multi-event Detection Strategy for RDP-Based Remote Logins and Post-Access Activity;Behavioral Detection of System Network Configuration Discovery;Detect Ingress Tool Transfers via Behavioral Chain;Detection of Local Account Abuse for Initial Access and Persistence;Detection of Multi-Platform File Encryption for Impact;Detection of Gather Victim Identity Information
12,2022-06-18,Banking Trojan;Crypto Miner,Establish Accounts;Spearphishing Voice;BITS Jobs,Financial;Botnet,APT39;Ember Bear;Kimsuky;Leviathan;Fox Kitten;APT41;Patchwork;Contagious Interview;Wizard Spider;APT17;Storm-1811,Egregor;Bazar;JPIN;MarkiRAT,Privacy;Impact;Detection;Developments;Media;Exfiltration;Validation;Legal;Notification;Response,1,5,30,Threat Intel;SecOps,0.344,0.966218,T1585;T1566.004;T1197,defense-evasion;initial-access;persistence;resource-development,Identity Provider;Linux;PRE;Windows;macOS,"Detection of Establish Accounts;Detection Strategy for Spearphishing Voice across OS platforms;Detect abuse of Windows BITS Jobs for download, execution and persistence"
13,2024-09-01,DDoS,Botnet;Impact;Command Obfuscation,Botnet;Impact;Web,HAFNIUM;FIN7;Fox Kitten;TA505;Silence;Medusa Group;Chimera;Sidewinder;APT32;FIN6,BackConfig;BADHATCH;Sardonic;Empire;SQLRat,Impact;Privacy;Developments;Detection;Response;Media;Notification;Exfiltration;Validation;Legal,1,5,180,Vulnerability Management;Exec,0.762133,0.690549,T1583.005;T1498.002;T1027.010,defense-evasion;impact;resource-development,IaaS;Linux;PRE;Windows;macOS,Detection of Botnet;Detection Strategy for Reflection Amplification DoS (T1498.002);Detection Strategy for Command Obfuscation
14,2025-01-25,Phishing;Ransomware,Reconnaissance;Code Repositories,Ransom negotiation;Impact;Dark web,HAFNIUM;HEXANE;LAPSUS$;Contagious Interview;FIN7;Volt Typhoon,SMOKEDHAM;AADInternals,Privacy;Validation;Media;Response;Legal;Detection;Developments;Exfiltration;Impact,4,4,90,Threat Intel;SecOps,0.395415,0.814725,T1591.004;T1593.003,reconnaissance,PRE,Detection of Code Repositories;Detection of Identify Roles
15,2025-11-08,Web Shell,Reconnaissance;Group Policy Modification;File Transfer Protocols,APT;C2,Cinnamon Tempest;Indrik Spider;Kimsuky;APT41;SilverTerrier;Storm-0501,Disco;Regin;Empire;Qilin;Meteor,Privacy;Developments;Exfiltration,2,3,165,Threat Intel;SecOps,0.872622,0.836318,T1592;T1484.001;T1071.002,command-and-control;defense-evasion;privilege-escalation;reconnaissance,ESXi;Linux;Network Devices;PRE;Windows;macOS,"Detection of Gather Victim Host Information;Detection of Group Policy Modifications via AD Object Changes and File Activity;Detection of File Transfer Protocol-Based C2 (FTP, FTPS, SMB, TFTP)"
16,2020-08-28,Data Breach,Resource Development;Exfiltration Over Bluetooth;Cloud Accounts;Kerberoasting;Remote Services;Cloud Services;Exfiltration to Text Storage Sites,Data breach;Impact;Dark web,FIN7;Scattered Spider;Storm-0501;APT29;Indrik Spider;Wizard Spider;Ember Bear;Aquatic Panda;Storm-1811,Empire;MacMa;Stuxnet,Validation;Privacy;Media;Detection;Impact;Exfiltration,1,5,180,Legal;SecOps,0.613963,1.0,T1586;T1011.001;T1586.003;T1558.003;T1021;T1585.003;T1021.007;T1567.003,credential-access;exfiltration;lateral-movement;resource-development,ESXi;IaaS;Identity Provider;Linux;Office Suite;PRE;SaaS;Windows;macOS,Detect Kerberoasting Attempts (T1558.003);Detection of Cloud Accounts;Detection Strategy for Exfiltration to Text Storage Sites;Behavioral Detection Strategy for Remote Service Logins and Post-Access Activity;Detection of Bluetooth-Based Data Exfiltration;Detection of Compromise Accounts;Behavioral Detection of Remote Cloud Logins via Valid Accounts
17,2023-12-18,Supply Chain,Resource Development;Compromise Hardware Supply Chain;Gather Victim Org Information,Supply Chain;Dark web;APT;Malware,Kimsuky;FIN7;Volt Typhoon;FIN8;Wizard Spider;APT28,MegaCortex,Impact;Developments;Detection;Notification;Legal;Privacy;Exfiltration,4,4,30,Exec;SecOps,0.733695,0.866539,T1588.003;T1195.003;T1591,initial-access;reconnaissance;resource-development,Linux;PRE;Windows;macOS,Hardware Supply Chain Compromise Detection via Host Status & Boot Integrity Checks;Detection of Gather Victim Org Information;Detection of Code Signing Certificates
18,2021-01-09,Supply Chain,Poisoned Pipeline Execution;Compromise Hardware Supply Chain;Compromise Software Dependencies and Development Tools;DNS/Passive DNS,Malware;Initial Access;Supply Chain,Winter Vivern;Cinnamon Tempest;FIN8;Inception;APT33;Sowbug;DarkHydrus;Magic Hound;FIN10;MuddyWater;BlackByte;Dark Caracal;Ajax Security Team;Leviathan,BeaverTail,Notification;Media;Validation;Developments;Response;Privacy;Detection,2,4,105,Exec;SecOps,0.462885,0.917851,T1677;T1195.003;T1195.001;T1596.001,execution;initial-access;reconnaissance,Linux;PRE;SaaS;Windows;macOS,Supply-chain tamper in dependencies/dev-tools (manager→write/install→first-run→egress);Detection of DNS/Passive DNS;Detection Strategy for Poisoned Pipeline Execution via SaaS CI/CD Workflows;Hardware Supply Chain Compromise Detection via Host Status & Boot Integrity Checks
19,2024-04-21,Supply Chain;Banking Trojan,Discovery;Collection;Archive via Custom Method;Transmitted Data Manipulation;Multi-Factor Authentication;Credential Access;Code Repositories;Outlook Home Page,Data breach;Supply Chain;Botnet;Malware,Kimsuky;HEXANE;Silence;BRONZE BUTLER;APT38;FIN5;Scattered Spider;OilRig;FIN13;APT3;Lazarus Group;APT5;Fox Kitten;Mustang Panda;APT32;Medusa Group,Raccoon Stealer;NETWIRE;Olympic Destroyer;metaMain;RATANKBA,Privacy;Media;Validation;Legal;Exfiltration;Notification;Developments,3,5,60,Exec;SecOps,0.389543,1.0,T1018;T1213;T1560.003;T1565.002;T1556.006;T1003.002;T1213.003;T1137.004,collection;credential-access;defense-evasion;discovery;impact;persistence,ESXi;IaaS;Identity Provider;Linux;Network Devices;Office Suite;SaaS;Windows;macOS,Detection Strategy of Transmitted Data Manipulation;Detect Persistence via Outlook Home Page Exploitation;Detecting Bulk or Anomalous Access to Private Code Repositories via SaaS Platforms;Detect Archiving via Custom Method (T1560.003);Detect MFA Modification or Disabling Across Platforms;Abuse of Information Repositories for Data Collection;Credential Dumping from SAM via Registry Dump and Local File Access;Detection Strategy for Remote System Enumeration Behavior
20,2023-09-02,Data Breach,Exfiltration Over Asymmetric Encrypted Non-C2 Protocol;Disable or Modify Network Device Firewall;Local Data Staging;Resource Development;Password Guessing;Multi-Factor Authentication Request Generation;Exfiltration Over Unencrypted Non-C2 Protocol;Password Cracking,Dark web;Data breach;Impact,TeamTNT;BackdoorDiplomacy;OilRig;APT5;Scattered Spider;Wizard Spider;FIN6;Lotus Blossom;Leviathan;Kimsuky;Storm-1811;FIN8,Exaramel for Windows;Kessel;ftp;AuTo Stealer,Developments;Legal;Exfiltration;Media;Response;Validation;Notification;Privacy,4,2,135,Threat Intel;SecOps,0.54524,1.0,T1048.002;T1562.013;T1074.001;T1650;T1110.001;T1621;T1048.003;T1110.002,collection;credential-access;defense-evasion;exfiltration;resource-development,Containers;ESXi;IaaS;Identity Provider;Linux;Network Devices;Office Suite;PRE;SaaS;Windows;macOS,Post-Credential Dump Password Cracking Detection via Suspicious File Access and Hash Analysis Tools;Detection of Exfiltration Over Unencrypted Non-C2 Protocol;Unauthorized Network Firewall Rule Modification (T1562.013);Detection of Exfiltration Over Asymmetric Encrypted Non-C2 Protocol;Password Guessing via Multi-Source Authentication Failure Correlation;Detection of Acquire Access;Detection of Local Data Staging Prior to Exfiltration;Detection Strategy for Multi-Factor Authentication Request Generation (T1621)
21,2024-07-03,Remote Access Trojan,Databases;Local Data Staging;Execution;DNS,APT;Initial Access;Exfiltration;C2,OilRig;APT39;FIN13;Blue Mockingbird;APT42;Cobalt Group,LunarWeb;SampleCheck5000;Akira;RIFLESPINE,Response;Impact;Notification;Media,4,5,75,Legal;SecOps,0.434808,0.775499,T1213.006;T1074.001;T1047;T1071.004,collection;command-and-control;execution,ESXi;IaaS;Linux;Network Devices;SaaS;Windows;macOS,Suspicious Database Access and Dump Activity Across Environments (T1213.006);Behavioral Detection of DNS Tunneling and Application Layer Abuse;Detection of Local Data Staging Prior to Exfiltration;Behavioral Detection Strategy for WMI Execution Abuse on Windows
22,2023-08-11,Banking Trojan,Command And Control;Develop Capabilities;Web Services;Direct Volume Access;Cloud Secrets Management Stores,Exfiltration;Financial;C2,ZIRCONIUM;Sandworm Team;Sidewinder;TeamTNT;TA505,Meteor,Privacy;Media;Notification;Impact;Detection;Developments;Exfiltration,4,5,30,Media;Legal,0.521329,0.805428,T1105;T1587;T1584.006;T1006;T1555.006,command-and-control;credential-access;defense-evasion;resource-development,ESXi;IaaS;Linux;Network Devices;PRE;Windows;macOS,Detect Unauthorized Access to Cloud Secrets Management Stores;Detect Ingress Tool Transfers via Behavioral Chain;Detection of Develop Capabilities;Detection of Direct Volume Access for File System Evasion;Detection of Web Services
23,2022-06-20,Web Shell;Supply Chain,Execution;Mshta;Digital Certificates,Malware;C2,Confucius;Chimera;Stealth Falcon;Ember Bear;Lotus Blossom;Mustang Panda;BlackByte;APT38;FIN6,Action RAT,Notification;Developments;Detection,3,2,90,SecOps;Exec,0.311408,0.819356,T1047;T1218.005;T1596.003,defense-evasion;execution;reconnaissance,PRE;Windows,Detecting Mshta-based Proxy Execution via Suspicious HTA or Script Invocation;Detection of Digital Certificates;Behavioral Detection Strategy for WMI Execution Abuse on Windows
24,2023-05-22,Banking Trojan,Unix Shell Configuration Modification;IP Addresses;Web Shell;Discovery;Exploitation for Privilege Escalation;VNC;Reversible Encryption;Command And Control,C2;Botnet;Data breach;Malware,Medusa Group;Whitefly;APT32;BackdoorDiplomacy;Magic Hound;APT5;Fox Kitten;BITTER;Tonto Team;Darkhotel,DarkWatchman;Siloscape;POSHSPY;Astaroth,Detection;Impact;Media;Privacy;Validation;Legal;Exfiltration;Notification;Developments,4,5,135,Exec;SecOps,0.586963,0.835855,T1546.004;T1590.005;T1505.003;T1497.002;T1068;T1021.005;T1556.005;T1568.002,command-and-control;credential-access;defense-evasion;discovery;lateral-movement;persistence;privilege-escalation;reconnaissance,Containers;ESXi;Linux;Network Devices;PRE;Windows;macOS,Detection Strategy for Dynamic Resolution using Domain Generation Algorithms.;Detect Shell Configuration Modification for Persistence via Event-Triggered Execution;Detection Strategy for Exploitation for Privilege Escalation;Detection of IP Addresses;Behavioral Detection of Unauthorized VNC Remote Control Sessions;Detect User Activity Based Sandbox Evasion via Input & Artifact Probing;Detect Modification of Authentication Process via Reversible Encryption;Web Shell Detection via Server Behavior and File Execution Chains
25,2022-08-02,Banking Trojan,Input Capture;Execution Guardrails;Systemd Service;Data Encrypted for Impact;Fallback Channels,Botnet;C2;Exfiltration;Malware,Magic Hound;Contagious Interview;Lazarus Group;APT41,SynAck;Small Sieve;Pysa;RedLine Stealer;Cuba,Impact;Detection;Privacy;Legal;Developments;Validation;Response;Notification,5,3,30,Threat Intel;SecOps,0.513106,0.861444,T1056;T1480;T1543.002;T1486;T1008,collection;command-and-control;credential-access;defense-evasion;impact;persistence;privilege-escalation,ESXi;IaaS;Linux;Network Devices;Windows;macOS,Multi-Platform Execution Guardrails Environmental Validation Detection Strategy;Behavioral Detection of Input Capture Across Platforms;Detection of Systemd Service Creation or Modification on Linux;Behavioral Detection of Fallback or Alternate C2 Channels;Detection of Multi-Platform File Encryption for Impact
26,2024-07-27,DDoS,Network Denial of Service;Impact,Botnet;DDoS,Storm-1811;Ember Bear;Wizard Spider;Sandworm Team;SilverTerrier;Medusa Group;INC Ransom;Scattered Spider;Water Galura;AppleJeus;Indrik Spider;Malteiro;APT37;Gamaredon Group;TeamTNT,NKAbuse,Validation;Developments;Response;Notification;Privacy;Media;Impact;Detection,1,3,240,Threat Intel;Vulnerability Management,0.469986,0.907294,T1498;T1499.003,impact,Containers;IaaS;Linux;Windows;macOS,Behavioral Detection of T1498 – Network Denial of Service Across Platforms;Application Exhaustion Flood Detection Across Platforms
27,2025-12-18,Remote Access Trojan,Data Encoding;Publish/Subscribe Protocols,APT;C2,Cobalt Group;WIRTE;Dark Caracal;Lazarus Group;Daggerfly;Mustang Panda;Whitefly;Molerats;BackdoorDiplomacy;RedCurl;Rocke,Mythic;GLOOXMAIL;Ursnif,Media;Validation;Exfiltration;Detection;Privacy;Developments;Impact,1,4,180,Exec;Media,0.715503,1.0,T1132;T1071.005,command-and-control,ESXi;Linux;Network Devices;Windows;macOS,Behavioral Detection of Publish/Subscribe Protocol Misuse for C2;Detection Strategy for Data Encoding in C2 Channels
28,2021-03-18,DDoS,Debugger Evasion;Bandwidth Hijacking;Privilege Escalation;Impact;Disable or Modify Cloud Firewall,C2;Impact,Suckfly;menuPass;Patchwork;RedCurl;Storm-0501;FIN4;admin@338;Group5;Winter Vivern;The White Company;Scarlet Mimic;Sandworm Team;PLATINUM;Sowbug;Salt Typhoon;APT1,Pikabot;DarkTortilla;Black Basta,Detection;Impact;Exfiltration;Notification;Validation;Privacy,2,4,60,SecOps;Media,0.672583,1.0,T1622;T1496.002;T1098.005;T1499.001;T1562.007,defense-evasion;discovery;impact;persistence;privilege-escalation,Containers;IaaS;Identity Provider;Linux;Windows;macOS,"Detect Excessive or Unauthorized Bandwidth Usage for Botnet, Proxyjacking, or Scanning Purposes;Detection Strategy for Debugger Evasion (T1622);Detection Strategy for Disable or Modify Cloud Firewall;Suspicious Device Registration via Entra ID or MFA Platform;Endpoint DoS via OS Exhaustion Flood Detection Strategy"
29,2024-10-04,DDoS,Credential Access;Overwrite Process Arguments,DDoS;Botnet,Mustang Panda;Kimsuky;Sea Turtle,Dok;Line Runner,Developments;Exfiltration;Validation;Legal;Response,1,5,60,Exec;Vulnerability Management,0.372763,0.868934,T1557;T1036.011,collection;credential-access;defense-evasion,Linux;Network Devices;Windows;macOS,Detect Adversary-in-the-Middle via Network and Configuration Anomalies;Detection Strategy for Overwritten Process Arguments Masquerading
30,2022-06-05,Web Shell,Lateral Tool Transfer;Defense Evasion;Remote Desktop Protocol;Windows Service;Match Legitimate Resource Name or Location;Hidden Files and Directories,APT;Web,APT38;ToddyCat;MuddyWater;INC Ransom;Tropic Trooper;Threat Group-3390;HAFNIUM;Rocke,KGH_SPY;PoetRAT;Skidmap;Carbon,Media;Impact;Developments;Notification;Exfiltration;Legal;Privacy;Detection;Response,4,1,90,Media;SecOps,0.116828,0.863027,T1570;T1027.012;T1021.001;T1543.003;T1036.005;T1564.001,defense-evasion;lateral-movement;persistence;privilege-escalation,Containers;ESXi;Linux;Windows;macOS,Multi-event Detection Strategy for RDP-Based Remote Logins and Post-Access Activity;Detection Strategy for LNK Icon Smuggling;Detection of Windows Service Creation or Modification;Detection Strategy for Hidden Files and Directories;Detection Strategy for Lateral Tool Transfer across OS platforms;Detection Strategy for Masquerading via Legitimate Resource Name or Location
31,2020-06-28,Supply Chain,Persistence;Compromise Software Supply Chain,APT;Dark web;Malware;Initial Access,Mustang Panda;GOLD SOUTHFIELD;Threat Group-3390;Daggerfly;FIN7;Sandworm Team;Cobalt Group;Moonstone Sleet;APT41;Dragonfly,GoldenSpy,Legal;Developments;Response;Notification;Privacy;Exfiltration;Detection;Media;Impact,4,2,60,Network;SecOps,0.922983,0.701182,T1176.002;T1195.002,initial-access;persistence,Linux;Windows;macOS,Detect malicious IDE extension install/usage and IDE tunneling;Compromised software/update chain (installer/write → first-run/child → egress/signature anomaly)
32,2021-09-04,Banking Trojan,Data from Local System;DLL;Command And Control;Lateral Movement;RDP Hijacking;Delete Cloud Instance;Pass the Ticket;Defense Evasion,C2;Exfiltration,SideCopy;MuddyWater;FIN7;Magic Hound;APT28;Patchwork;APT32;TA2541;RedCurl;Sandworm Team;APT1;menuPass,SysUpdate;TinyTurla;NPPSPY,Privacy;Media;Developments;Impact,5,5,90,Legal;SecOps,0.731514,0.616136,T1005;T1574.001;T1132.001;T1080;T1563.002;T1578.003;T1550.003;T1218.005,collection;command-and-control;defense-evasion;lateral-movement;persistence;privilege-escalation,ESXi;IaaS;Linux;Network Devices;Office Suite;SaaS;Windows;macOS,"Detecting Mshta-based Proxy Execution via Suspicious HTA or Script Invocation;Detection Strategy for Modify Cloud Compute Infrastructure: Delete Cloud Instance;Detection fo Remote Service Session Hijacking for RDP.;Behavior-chain detection for T1132.001 Data Encoding: Standard Encoding (Base64/Hex/MIME) across Windows, Linux, macOS, ESXi;Detection Strategy for T1550.003 - Pass the Ticket (Windows);Detection of Tainted Content Written to Shared Storage;Detection of Local Data Collection Prior to Exfiltration;Detection Strategy for Hijack Execution Flow for DLLs"
33,2024-07-19,Banking Trojan,Process Injection;Credential Access;Acquire Access;Resource Development,Botnet;Malware;C2;Exfiltration,APT28;Mustang Panda;APT32;APT37;PLATINUM;Medusa Group;Agrius,Waterbear;REvil;HOPLIGHT;JHUHUGIT,Developments;Response;Media,4,4,30,SecOps;Media,0.568005,0.899378,T1055;T1003.002;T1650;T1583.006,credential-access;defense-evasion;privilege-escalation;resource-development,Linux;PRE;Windows;macOS,Detection of Acquire Access;Detection of Web Services;Behavioral Detection of Process Injection Across Platforms;Credential Dumping from SAM via Registry Dump and Local File Access
34,2021-11-03,Insider Threat,Collection;Scheduled Transfer;Employee Names;Exfiltration,Impact;Data breach;Exfiltration,APT39;Akira;UNC3886;Earth Lusca;CopyKittens;Aquatic Panda,TONESHELL;CORALDECK;Kazuar,Legal;Detection;Notification;Validation;Response;Developments,2,3,165,Media;SecOps,0.655705,0.906427,T1560.001;T1029;T1589.003;T1567.004,collection;exfiltration;reconnaissance,ESXi;Linux;Office Suite;PRE;SaaS;Windows;macOS,Detection Strategy for Scheduled Transfer and Recurrent Exfiltration Patterns;Detect Archiving via Utility (T1560.001);Detection of Employee Names;Detection Strategy for Exfiltration Over Webhook
35,2025-01-15,Supply Chain,DLL;Code Signing Certificates;Gather Victim Network Information;Supply Chain Compromise;Hijack Execution Flow,APT;Initial Access;Dark web,Daggerfly;Sandworm Team;GALLIUM;APT41;Ember Bear;Lazarus Group;PROMETHIUM;Aquatic Panda;BlackTech;APT3,CorKLOG,Detection;Exfiltration;Developments;Impact,5,5,75,Legal;Vulnerability Management,0.580386,0.905684,T1574.001;T1587.002;T1590;T1195;T1574,defense-evasion;initial-access;persistence;privilege-escalation;reconnaissance;resource-development,Linux;PRE;SaaS;Windows;macOS,Detection Strategy for Hijack Execution Flow across OS platforms.;Behavioral detection for Supply Chain Compromise (package/update tamper → install → first-run);Detection of Gather Victim Network Information;Detection Strategy for Hijack Execution Flow for DLLs;Detection of Code Signing Certificates
36,2020-09-22,Phishing;Web Shell,Spearphishing Attachment;System Owner/User Discovery;Control Panel;Local Accounts,Initial Access;Financial;C2,APT39;APT29;Stealth Falcon;Magic Hound,EVILNUM;SodaMaster,Privacy;Developments;Exfiltration;Media;Notification;Detection;Response;Legal,1,2,75,Threat Intel;SecOps,1.0,0.940028,T1598.002;T1033;T1218.002;T1078.003,defense-evasion;discovery;initial-access;persistence;privilege-escalation;reconnaissance,Containers;ESXi;Linux;Network Devices;PRE;Windows;macOS,Detection of Spearphishing Attachment;Detection of Local Account Abuse for Initial Access and Persistence;Behavioral Detection of User Discovery via Local and Remote Enumeration;Detection of Malicious Control Panel Item Execution via control.exe or Rundll32
37,2023-03-06,Data Breach,Collection;Phishing for Information;OS Credential Dumping;Exfiltration Over Asymmetric Encrypted Non-C2 Protocol;Golden Ticket;Exfiltration over USB;Network Device Configuration Dump,Data breach;Impact,Moonstone Sleet;Axiom;Storm-0501;APT32;CURIUM;Tropic Trooper;APT39;Tonto Team;APT28;Fox Kitten;Storm-1811;Poseidon Group;Suckfly;Ember Bear,PinchDuke;Carbanak,Exfiltration;Detection;Response;Legal,4,2,60,Media;SecOps,0.724642,1.0,T1213.005;T1598;T1003;T1048.002;T1558.001;T1052.001;T1602.002,collection;credential-access;exfiltration;reconnaissance,ESXi;Linux;Network Devices;Office Suite;PRE;SaaS;Windows;macOS,Credential Dumping via Sensitive Memory and Registry Access Correlation;Detection of USB-Based Data Exfiltration;Detect Forged Kerberos Golden Tickets (T1558.001);Detection Strategy for Network Device Configuration Dump via Config Repositories;Detection of Phishing for Information;Detection of Exfiltration Over Asymmetric Encrypted Non-C2 Protocol;Detecting Unauthorized Collection from Messaging Applications in SaaS and Office Environments
38,2021-08-12,Phishing,Botnet;Social Media Accounts;Right-to-Left Override;Command Obfuscation;Initial Access;Gather Victim Identity Information;Spearphishing via Service;Email Spoofing,Initial Access;Malware;Data breach;Financial,GOLD SOUTHFIELD;Cleaver;Sidewinder;LAPSUS$;Water Galura;Volt Typhoon;Leafminer;APT32;Silence;FIN8;Sea Turtle;EXOTIC LILY;Ke3chang;Storm-1811;Dark Caracal;Medusa Group,IceApple;Emotet;CARROTBAT,Notification;Privacy;Media;Exfiltration,4,5,60,Network;SecOps,0.733736,1.0,T1584.005;T1585.001;T1036.002;T1027.010;T1566;T1589;T1566.003;T1672,defense-evasion;initial-access;reconnaissance;resource-development,Identity Provider;Linux;Office Suite;PRE;SaaS;Windows;macOS,Detection Strategy for Spearphishing via a Service across OS Platforms;Detection Strategy for Phishing across platforms.;Detection Strategy for Command Obfuscation;Right-to-Left Override Masquerading Detection via Filename and Execution Context;Detection of Botnet;Detection Strategy for Email Spoofing;Detection of Social Media Accounts;Detection of Gather Victim Identity Information
39,2023-10-18,Insider Threat;Ransomware,Command and Scripting Interpreter;Defense Evasion;SMB/Windows Admin Shares;Malicious Link;Data from Network Shared Drive,Impact;Exfiltration,Evilnum;Fox Kitten;Deep Panda;FIN6;APT19,Olympic Destroyer;WINERACK;Cobalt Strike;PLEAD;Kessel,Impact;Privacy;Validation;Response;Media;Detection;Exfiltration,1,3,60,SecOps;Vulnerability Management,0.307889,0.835351,T1059;T1027.011;T1021.002;T1204.001;T1039,collection;defense-evasion;execution;lateral-movement,ESXi;IaaS;Identity Provider;Linux;Network Devices;Office Suite;Windows;macOS,"Behavioral Detection of Command and Scripting Interpreter Abuse;User Execution – Malicious Link (click → suspicious egress → download/write → follow-on activity);Detection Strategy for Fileless Storage via Registry, WMI, and Shared Memory;Detection Strategy for Data from Network Shared Drive;Multi-Event Detection for SMB Admin Share Lateral Movement"
40,2025-03-27,Crypto Miner,Disable Crypto Hardware;Automated Collection;Defense Evasion;Obfuscated Files or Information;SMB/Windows Admin Shares;Application Window Discovery,DDoS;Botnet,FIN8;Chimera;Storm-1811;HEXANE;Gallmaker;APT37;Volt Typhoon;Agrius;RedCurl;Aquatic Panda;APT32,jRAT;Ecipekac;StrelaStealer,Detection;Legal;Notification;Response,5,4,135,Media;SecOps,0.52338,1.0,T1600.002;T1119;T1600;T1027;T1021.002;T1010,collection;defense-evasion;discovery;lateral-movement,ESXi;IaaS;Linux;Network Devices;Office Suite;SaaS;Windows;macOS,Detection of Application Window Enumeration via API or Scripting;Detection Strategy for Weaken Encryption on Network Devices;Automated File and API Collection Detection Across Platforms;Behavioral Detection of Obfuscated Files or Information;Detection Strategy for Weaken Encryption: Disable Crypto Hardware on Network Devices;Multi-Event Detection for SMB Admin Share Lateral Movement
41,2020-06-22,Supply Chain;Crypto Miner,Execution;Credential Access;Gatekeeper Bypass;Invalid Code Signature;SIP and Trust Provider Hijacking;Modify Cloud Compute Configurations;Downgrade Attack,Dark web;Crypto;Malware,Leviathan;MuddyWater;Windshift;Patchwork;FIN7;APT28;APT37;Gallmaker;BITTER;Cobalt Group,HAWKBALL;BADNEWS;POWERSTATS,Legal;Exfiltration;Privacy;Developments;Response;Impact;Detection;Validation;Media;Notification,4,4,150,Media;SecOps,0.297139,0.64653,T1559.002;T1606.001;T1553.001;T1036.001;T1553.003;T1578.005;T1562.010,credential-access;defense-evasion;execution,IaaS;Linux;SaaS;Windows;macOS,Detection Strategy for Subvert Trust Controls using SIP and Trust Provider Hijacking.;Detection Strategy for Modify Cloud Compute Infrastructure: Modify Cloud Compute Configurations;Detecting Downgrade Attacks;Detection Strategy for Forged Web Cookies;Detect Gatekeeper Bypass via Quarantine Flag and Trust Control Manipulation;Invalid Code Signature Execution Detection via Metadata and Behavioral Context;Detect Abuse of Dynamic Data Exchange (T1559.002)
42,2022-06-15,Supply Chain,Compromise Software Supply Chain;Invalid Code Signature;Gather Victim Network Information;Code Signing Certificates;Hijack Execution Flow;Install Root Certificate,APT;Malware;Initial Access;Supply Chain,Volt Typhoon;Threat Group-3390;Kimsuky,Nightdoor;DarkGate;NETWIRE;COATHANGER;WindTail,Legal;Detection;Developments;Privacy;Response;Media,5,5,150,Network;SecOps,0.4619,0.98566,T1195.002;T1036.001;T1590;T1588.003;T1574;T1553.004,defense-evasion;initial-access;persistence;privilege-escalation;reconnaissance;resource-development,Linux;PRE;Windows;macOS,Detection Strategy for Hijack Execution Flow across OS platforms.;Detection Strategy for Subvert Trust Controls via Install Root Certificate.;Compromised software/update chain (installer/write → first-run/child → egress/signature anomaly);Invalid Code Signature Execution Detection via Metadata and Behavioral Context;Detection of Gather Victim Network Information;Detection of Code Signing Certificates
43,2021-03-08,Phishing;DDoS,Resource Development;Establish Accounts;Timestomp;Relocate Malware;Initial Access;Debugger Evasion,Botnet;Financial,Kimsuky;Indrik Spider;UNC3886;Sandworm Team;Sea Turtle;APT32,USBStealer,Legal;Validation;Privacy;Notification;Exfiltration;Detection;Developments;Impact,1,5,150,Network;SecOps,0.501064,0.689109,T1585.002;T1585;T1070.006;T1070.010;T1566;T1622,defense-evasion;discovery;initial-access;resource-development,ESXi;Identity Provider;Linux;Network Devices;Office Suite;PRE;SaaS;Windows;macOS,Cross-Platform Behavioral Detection of File Timestomping via Metadata Tampering;Detection Strategy for Phishing across platforms.;Detection of Email Accounts;Detection Strategy for Debugger Evasion (T1622);Detection of Malware Relocation via Suspicious File Movement;Detection of Establish Accounts
44,2022-04-21,Ransomware;Insider Threat,Data Transfer Size Limits;Collection;Binary Padding;Bypass User Account Control;Web Services;Browser Information Discovery,Malware;Financial,Lotus Blossom;CopyKittens;APT38;Moonstone Sleet;Akira;Medusa Group;Scattered Spider;CURIUM;BRONZE BUTLER;Evilnum;Play;Kimsuky;APT29;Leviathan;LuminousMoth;Lazarus Group,RGDoor;LunarWeb;AppleJeus;Remcos,Notification;Legal;Impact;Detection;Privacy,4,3,30,Media;SecOps,0.575664,0.61331,T1030;T1560.003;T1027.001;T1548.002;T1584.006;T1217,collection;defense-evasion;discovery;exfiltration;privilege-escalation;resource-development,ESXi;Linux;PRE;Windows;macOS,Detect Archiving via Custom Method (T1560.003);Detection of Local Browser Artifact Access for Reconnaissance;Detection of Web Services;Detection Strategy for Data Transfer Size Limits and Chunked Exfiltration;Detection Strategy for Obfuscated Files or Information: Binary Padding;Detection Strategy for T1548.002 – Bypass User Account Control (UAC)
45,2020-06-08,Data Breach;DDoS,Disk Wipe;Persistence;Exfiltration Over Unencrypted Non-C2 Protocol;Disable or Modify Network Device Firewall;Wi-Fi Networks;Defense Evasion;Reflection Amplification,Financial;Impact,APT38;OilRig;APT28;Salt Typhoon;APT33;Mustang Panda;Lazarus Group;TeamTNT;Carbanak;Contagious Interview;Moses Staff;Magic Hound;Rocke;UNC3886;Dragonfly,Dok;Hannotog;CosmicDuke;BlackByte 2.0 Ransomware,Media;Impact;Legal;Privacy;Validation;Notification;Developments;Exfiltration;Detection;Response,5,4,60,Network;SecOps,0.559969,0.86106,T1561;T1671;T1048.003;T1562.013;T1669;T1562.004;T1498.002,defense-evasion;exfiltration;impact;initial-access;persistence,ESXi;IaaS;Linux;Network Devices;Office Suite;SaaS;Windows;macOS,Detection Strategy for Cloud Application Integration;Detection of Exfiltration Over Unencrypted Non-C2 Protocol;Detection Strategy for Disk Wipe via Direct Disk Access and Destructive Commands;Detection Strategy for Wi-Fi Networks;Detection of Disabled or Modified System Firewalls across OS Platforms.;Detection Strategy for Reflection Amplification DoS (T1498.002);Unauthorized Network Firewall Rule Modification (T1562.013)
46,2020-05-16,Data Breach,Disk Wipe;Exfiltration Over Asymmetric Encrypted Non-C2 Protocol;Archive via Custom Method;Data from Configuration Repository;Search Engines,Data breach;Dark web;Impact,Mustang Panda;CURIUM;FIN6;Kimsuky;Lazarus Group;APT28;Lotus Blossom;CopyKittens;UNC3886;Storm-1811,Agent.btz;Duqu;Reaver,Media;Response;Validation;Impact;Privacy;Developments;Detection,5,5,45,Network;SecOps,0.801593,1.0,T1561;T1048.002;T1560.003;T1602;T1593.002,collection;exfiltration;impact;reconnaissance,ESXi;Linux;Network Devices;PRE;Windows;macOS,Detection Strategy for Disk Wipe via Direct Disk Access and Destructive Commands;Detect Archiving via Custom Method (T1560.003);Detection Strategy for Data from Configuration Repository on Network Devices;Detection of Exfiltration Over Asymmetric Encrypted Non-C2 Protocol;Detection of Search Engines
47,2021-12-11,Supply Chain,Resource Development;Linux and Mac File and Directory Permissions Modification;Network Trust Dependencies;Compromise Software Supply Chain,Dark web;Initial Access;Supply Chain;APT,TeamTNT;APT29;APT32;Daggerfly;FIN7;Rocke;Dragonfly;APT41;Cobalt Group,Penquin;Black Basta;GoldenSpy;P.A.S. Webshell,Legal;Detection;Exfiltration;Developments;Validation;Media;Impact;Notification;Response,2,3,150,SecOps;Vulnerability Management,0.653584,0.947859,T1586.003;T1222.002;T1590.003;T1195.002,defense-evasion;initial-access;reconnaissance;resource-development,Linux;PRE;Windows;macOS,Detection of Network Trust Dependencies;Unix-like File Permission Manipulation Behavioral Chain Detection Strategy;Detection of Cloud Accounts;Compromised software/update chain (installer/write → first-run/child → egress/signature anomaly)
48,2023-03-27,Crypto Miner;Supply Chain,Clipboard Data;File Deletion;Defense Evasion,Botnet;APT;Initial Access;Malware,Sandworm Team;The White Company;Wizard Spider;BRONZE BUTLER;APT39;Metador;FIN6;Patchwork;Rocke;menuPass;Aquatic Panda;Evilnum,ROADSWEEP;ShrinkLocker;Imminent Monitor;LunarWeb,Detection;Media;Notification,4,4,240,Legal;Threat Intel,0.76804,0.973764,T1115;T1070.004;T1553.001,collection;defense-evasion,ESXi;Linux;Windows;macOS,Behavioral Detection of Malicious File Deletion;Detect Gatekeeper Bypass via Quarantine Flag and Trust Control Manipulation;Clipboard Data Access with Anomalous Context
49,2025-12-16,Ransomware,Impact;Digital Certificates;OS Credential Dumping;Execution Guardrails;Windows File and Directory Permissions Modification;Exfiltration to Text Storage Sites,Financial;Dark web,Suckfly;Sowbug;Contagious Interview,Akira _v2;Ragnar Locker;WannaCry;Playcrypt;TONESHELL,Privacy;Media;Impact;Validation;Notification;Detection;Legal;Response,5,3,75,Media;Vulnerability Management,0.458427,0.757781,T1490;T1596.003;T1003;T1480;T1222.001;T1567.003,credential-access;defense-evasion;exfiltration;impact;reconnaissance,Containers;ESXi;IaaS;Linux;Network Devices;PRE;Windows;macOS,Multi-Platform Execution Guardrails Environmental Validation Detection Strategy;Windows DACL Manipulation Behavioral Chain Detection Strategy;Detection of Digital Certificates;Detection Strategy for Exfiltration to Text Storage Sites;Credential Dumping via Sensitive Memory and Registry Access Correlation;Behavioral Detection for T1490 - Inhibit System Recovery
50,2022-12-16,Remote Access Trojan,Remote Email Collection;SSH Hijacking;Spearphishing Attachment;Dynamic-link Library Injection;Virtual Private Server;Command And Control,Initial Access;APT;Malware;Exfiltration,APT33;APT1;Storm-1811;Elderwood;APT38;Naikon;APT32,TajMahal;Lizar,Impact;Response;Detection;Legal;Validation;Exfiltration,3,4,120,SecOps;Exec,0.698428,0.543584,T1114.002;T1563.001;T1566.001;T1055.001;T1584.003;T1219.002,collection;command-and-control;defense-evasion;initial-access;lateral-movement;privilege-escalation;resource-development,Linux;Office Suite;PRE;Windows;macOS,Behavioral Detection of DLL Injection via Windows API;Detection Strategy for SSH Session Hijacking;Detection Strategy for Spearphishing Attachment across OS Platforms;Detection of Virtual Private Server;Remote Desktop Software Execution and Beaconing Detection;Detect Remote Email Collection via Abnormal Login and Programmatic Access
51,2021-09-15,DDoS,Windows Service;Resource Hijacking,Impact;Botnet,APT38;APT32;OilRig;BlackByte;Medusa Group;DarkVishnya;Agrius;FIN7;APT41;Cobalt Group,Kwampirs;Wiarp,Notification;Privacy;Response;Media;Detection;Exfiltration;Developments;Validation;Legal;Impact,1,1,90,Threat Intel;SecOps,0.803127,0.862213,T1543.003;T1496,impact;persistence;privilege-escalation,Containers;IaaS;Linux;SaaS;Windows;macOS,Resource Hijacking Detection Strategy;Detection of Windows Service Creation or Modification
52,2022-03-13,Banking Trojan,Resource Development;Defense Evasion;Dynamic Data Exchange;Develop Capabilities,Botnet;C2;Data breach,Medusa Group;Magic Hound;Sidewinder;Moonstone Sleet;Lazarus Group;Cleaver;MuddyWater;Kimsuky;Scarlet Mimic;Water Galura;BITTER;FIN7;BlackTech;Sandworm Team;CURIUM,KeyBoy;HAWKBALL;PoetRAT,Privacy;Response;Detection;Legal;Notification;Validation;Exfiltration;Developments,4,2,45,SecOps;Exec,0.330105,0.891127,T1585.001;T1036.002;T1559.002;T1587,defense-evasion;execution;resource-development,Linux;PRE;Windows;macOS,Detection of Develop Capabilities;Detect Abuse of Dynamic Data Exchange (T1559.002);Detection of Social Media Accounts;Right-to-Left Override Masquerading Detection via Filename and Execution Context
53,2023-11-26,Data Breach,Compromise Accounts;Audio Capture;Remote Services;Data from Local System;Silver Ticket;Forced Authentication;IDE Extensions,Data breach;Dark web;Impact;Exfiltration,FIN13;APT28;APT3;Gamaredon Group;RedCurl;Dark Caracal;Lazarus Group;Sandworm Team;OilRig;Turla;Fox Kitten;HAFNIUM;APT1;Stealth Falcon;Andariel;Ke3chang,KGH_SPY;Neoichor;EnvyScout;AppleSeed;Stuxnet,Media;Notification;Developments,1,4,240,Exec;SecOps,0.684819,0.465223,T1586;T1123;T1021;T1005;T1558.002;T1187;T1176.002,collection;credential-access;lateral-movement;persistence;resource-development,ESXi;IaaS;Linux;Network Devices;PRE;Windows;macOS,"Detect malicious IDE extension install/usage and IDE tunneling;Detect Forged Kerberos Silver Tickets (T1558.002);Behavioral Detection Strategy for Remote Service Logins and Post-Access Activity;Detection of Local Data Collection Prior to Exfiltration;Behavioral Detection Strategy for T1123 Audio Capture Across Windows, Linux, macOS;Detect Forced SMB/WebDAV Authentication via lure files and outbound NTLM;Detection of Compromise Accounts"
54,2024-07-27,Ransomware,Impact;Replication Through Removable Media;Virtual Machine Discovery;Reconnaissance;PowerShell,Financial;Dark web;Crypto;Ransom negotiation,Mustang Panda;Wizard Spider;Inception;menuPass;FIN6;Confucius;Cobalt Group;APT41;Medusa Group;Molerats,Troll Stealer;TAMECAT;Stuxnet;StrongPity,Impact;Response;Exfiltration;Notification;Detection,4,3,135,Threat Intel;SecOps,0.313945,0.8282,T1491.001;T1091;T1673;T1597.002;T1059.001,discovery;execution;impact;initial-access;lateral-movement;reconnaissance,ESXi;Linux;PRE;Windows;macOS,Internal Website and System Content Defacement via UI or Messaging Modifications;Removable Media Execution Chain Detection via File and Process Activity;Detection Strategy for Virtual Machine Discovery;Detection of Purchase Technical Data;Abuse of PowerShell for Arbitrary Execution
55,2024-10-25,Supply Chain,Reconnaissance;SIP and Trust Provider Hijacking;Acquire Access;DNS/Passive DNS,Initial Access;APT,Cinnamon Tempest;Volatile Cedar;Sandworm Team;Earth Lusca;Nomadic Octopus;FIN5,Misdat;AuditCred;AppleSeed;Chaes;Taidoor,Notification;Exfiltration;Privacy,1,5,150,Network;SecOps,0.745096,0.621944,T1592.003;T1553.003;T1650;T1596.001,defense-evasion;reconnaissance;resource-development,PRE;Windows,Detection Strategy for Subvert Trust Controls using SIP and Trust Provider Hijacking.;Detection of Firmware;Detection of Acquire Access;Detection of DNS/Passive DNS
56,2023-04-09,Remote Access Trojan,Exfiltration Over Webhook;Virtual Private Server;Resource Development,Exfiltration;APT;Initial Access,Winter Vivern;APT28;APT1;APT42;HAFNIUM;BlackByte;Kimsuky;Contagious Interview;Mustard Tempest;LAPSUS$;CURIUM;Ember Bear;Sea Turtle,Gootloader,Privacy;Notification;Media;Response;Detection;Impact,1,3,90,Exec;SecOps,0.979018,0.926947,T1567.004;T1583.003;T1584.001,exfiltration;resource-development,ESXi;Linux;Office Suite;PRE;SaaS;Windows;macOS,Detection of Domains;Detection of Virtual Private Server;Detection Strategy for Exfiltration Over Webhook
57,2022-06-14,Banking Trojan,Impact;Default Accounts;Exfiltration Over Web Service;Software Packing;Persistence,Exfiltration;Data breach;Financial,Threat Group-3390;TA505;SilverTerrier;APT29;Storm-0501;Water Galura;Strider;APT3;INC Ransom;Medusa Group;Dark Caracal;Ember Bear;Play;The White Company,Squirrelwaffle;Exbyte;GreyEnergy;Egregor;LockBit 3.0;ShimRat,Privacy;Detection;Legal;Exfiltration;Impact;Media;Response;Notification,4,3,240,Exec;Media,0.788441,0.56132,T1657;T1078.001;T1567;T1027.002;T1556.002,credential-access;defense-evasion;exfiltration;impact;initial-access;persistence;privilege-escalation,Containers;ESXi;IaaS;Identity Provider;Linux;Network Devices;Office Suite;SaaS;Windows;macOS,Detect Malicious Password Filter DLL Registration;Detection of Default Account Abuse Across Platforms;Detection Strategy for Financial Theft;Obfuscated Binary Unpacking Detection via Behavioral Patterns;Detection Strategy for Exfiltration Over Web Service
58,2024-11-22,Web Shell,IP Addresses;Defense Evasion;Initial Access;Malicious File;Domain Generation Algorithms;Command and Scripting Interpreter;Execution,Web;Exfiltration;C2;Initial Access,Storm-1811;Elderwood;APT37;APT12;The White Company;Threat Group-1314;TeamTNT;TA551;HEXANE;Ke3chang;Suckfly;Wizard Spider;Chimera;Kimsuky,Mosquito;Mivast;DealersChoice;Lumma Stealer;Bad Rabbit,Validation;Notification;Response;Detection;Privacy;Impact,2,5,90,Media;SecOps,0.635393,0.99718,T1590.005;T1036.008;T1566.001;T1204.002;T1568.002;T1059;T1059.003,command-and-control;defense-evasion;execution;initial-access;reconnaissance,ESXi;IaaS;Identity Provider;Linux;Network Devices;Office Suite;PRE;Windows;macOS,Detection Strategy for Dynamic Resolution using Domain Generation Algorithms.;Behavioral Detection of Command and Scripting Interpreter Abuse;Detection Strategy for Spearphishing Attachment across OS Platforms;Detection of IP Addresses;Detection Strategy for Masquerading via File Type Modification;Behavioral Detection of Windows Command Shell Execution;User Execution – Malicious File via download/open → spawn chain (T1204.002)
59,2023-07-18,Supply Chain;Crypto Miner,Compute Hijacking;Defense Evasion,Botnet;Malware;Supply Chain,TA2541;Rocke;Lazarus Group;APT33;APT28;APT18;Higaisa;Elderwood;Leviathan;Moonstone Sleet;Mofang,LightNeuron;PlugX;BendyBear;BitPaymer;RansomHub,Impact;Privacy;Validation;Legal;Developments;Response,3,2,30,SecOps;Exec,0.253659,0.802012,T1496.001;T1027.013,defense-evasion;impact,Containers;IaaS;Linux;Windows;macOS,Encrypted or Encoded File Payload Detection Strategy;Multi-Platform Behavioral Detection for Compute Hijacking
60,2023-04-27,Ransomware,Clear Mailbox Data;File Deletion;Reconnaissance;Privilege Escalation;Dynamic Data Exchange;Resource Development;Discovery,Crypto;Financial,Contagious Interview;APT37;FIN13,PowerDuke,Exfiltration;Legal;Developments;Media;Detection;Validation;Response;Notification;Privacy,3,4,45,SecOps;Vulnerability Management,0.405588,0.874841,T1070.008;T1070.004;T1598.003;T1546.011;T1559.002;T1608.004;T1046,defense-evasion;discovery;execution;persistence;privilege-escalation;reconnaissance;resource-development,Containers;ESXi;IaaS;Linux;Network Devices;Office Suite;PRE;Windows;macOS,Detection of Spearphishing Link;Behavioral Detection Strategy for Network Service Discovery Across Platforms;Detection Strategy for Application Shimming via sdbinst.exe and Registry Artifacts (Windows);Behavioral Detection of Mailbox Data and Log Deletion for Anti-Forensics;Behavioral Detection of Malicious File Deletion;Detection of Drive-by Target;Detect Abuse of Dynamic Data Exchange (T1559.002)
61,2023-07-25,Phishing,Social Media;Server;Defense Evasion;Stage Capabilities;Spearphishing Attachment;Social Media Accounts;Execution;Control Panel,Data breach;Malware,TA505;Indrik Spider;TA459;Lazarus Group;APT37;Dragonfly;Darkhotel;APT33;APT28;Sandworm Team;EXOTIC LILY;Windshift;APT29;Naikon,Squirrelwaffle;Bad Rabbit;DarkTortilla,Exfiltration;Detection;Developments;Response;Media;Legal;Notification;Impact;Privacy;Validation,3,4,195,Vulnerability Management;SecOps,0.522661,0.663513,T1593.001;T1583.004;T1211;T1608;T1566.001;T1586.001;T1204.002;T1218.002,defense-evasion;execution;initial-access;reconnaissance;resource-development,IaaS;Linux;PRE;SaaS;Windows;macOS,Detection Strategy for Exploitation for Defense Evasion;Detection of Stage Capabilities;Detection of Server;Detection Strategy for Spearphishing Attachment across OS Platforms;Detection of Malicious Control Panel Item Execution via control.exe or Rundll32;Detection of Social Media;User Execution – Malicious File via download/open → spawn chain (T1204.002);Detection of Social Media Accounts
62,2022-08-11,Crypto Miner,Execution;Steal or Forge Authentication Certificates;Disable or Modify Cloud Firewall,Crypto;Malware;DDoS,MuddyWater;Sandworm Team;APT32;FIN8,Latrodectus;Qilin;Gootloader,Media;Validation;Notification;Detection;Response;Impact,1,4,150,Media;SecOps,0.538149,0.77679,T1204.001;T1649;T1562.007,credential-access;defense-evasion;execution,IaaS;Identity Provider;Linux;Windows;macOS,Detection Strategy for Steal or Forge Authentication Certificates;User Execution – Malicious Link (click → suspicious egress → download/write → follow-on activity);Detection Strategy for Disable or Modify Cloud Firewall
63,2022-11-05,Phishing,Firmware;Initial Access;Resource Development,Initial Access;Malware;Data breach;Financial,Gorgon Group;Confucius;PLATINUM;Saint Bear;Lazarus Group;Gallmaker;Star Blizzard;LazyScripter,ROKRAT;ZxxZ;Saint Bot;XLoader,Media;Privacy;Validation;Developments;Impact;Legal,5,4,210,Network;SecOps,0.198168,1.0,T1592.003;T1566.001;T1585.002,initial-access;reconnaissance;resource-development,Linux;PRE;Windows;macOS,Detection of Firmware;Detection Strategy for Spearphishing Attachment across OS Platforms;Detection of Email Accounts
64,2024-03-12,Insider Threat;Banking Trojan,Symmetric Cryptography;Adversary-in-the-Middle;Exfiltration to Cloud Storage;Exfiltration Over Symmetric Encrypted Non-C2 Protocol;Embedded Payloads,Financial;C2,Moonstone Sleet;Stealth Falcon;Medusa Group;POLONIUM;Ember Bear;APT28;Turla;Sea Turtle,Nebulae;Metamorfo;Line Runner;DEADWOOD;Felismus;Octopus,Exfiltration;Detection;Impact;Media;Notification;Developments,5,3,30,Exec;SecOps,0.593058,0.731687,T1573.001;T1557;T1567.002;T1048.001;T1027.009,collection;command-and-control;credential-access;defense-evasion;exfiltration,ESXi;Linux;Network Devices;Windows;macOS,Detection Strategy for Exfiltration to Cloud Storage;Behavioral Detection Strategy for Exfiltration Over Symmetric Encrypted Non-C2 Protocol;Detection Strategy for Embedded Payloads;Detect Adversary-in-the-Middle via Network and Configuration Anomalies;Detection Strategy for Encrypted Channel via Symmetric Cryptography across OS Platforms
65,2025-03-06,Supply Chain;Banking Trojan,Remote Email Collection;Collection;Steal Application Access Token;Purchase Technical Data,Exfiltration;Botnet;Malware;Dark web,Chimera;APT28;Star Blizzard;Ke3chang;LAPSUS$;APT29;Dragonfly;Scattered Spider;APT1;HAFNIUM;Magic Hound,LightNeuron,Exfiltration;Notification;Legal;Privacy;Impact,1,3,75,Exec;Network,0.740897,0.917833,T1114.002;T1114.003;T1528;T1597.002,collection;credential-access;reconnaissance,Containers;IaaS;Identity Provider;Linux;Office Suite;PRE;SaaS;Windows;macOS,Detection Strategy for T1528 - Steal Application Access Token;Detection of Purchase Technical Data;Detect Remote Email Collection via Abnormal Login and Programmatic Access;Email Forwarding Rule Abuse Detection Across Platforms
66,2022-12-05,Insider Threat,Web Portal Capture;Purchase Technical Data;Additional Cloud Roles;Defense Evasion;Exfiltration to Code Repository,Exfiltration;Financial;Impact,APT38;Storm-0501;UNC3886;BlackByte;Magic Hound;Carbanak;ToddyCat;Salt Typhoon;Scattered Spider;OilRig;LAPSUS$;Velvet Ant;Kimsuky;Medusa Group;Winter Vivern,InvisiMole,Detection;Validation;Notification;Media;Response;Exfiltration;Developments,4,5,75,SecOps;Network,0.731344,0.969629,T1056.003;T1597.002;T1098.003;T1562.004;T1567.001,collection;credential-access;defense-evasion;exfiltration;persistence;privilege-escalation;reconnaissance,ESXi;IaaS;Identity Provider;Linux;Network Devices;Office Suite;PRE;SaaS;Windows;macOS,Detection of Disabled or Modified System Firewalls across OS Platforms.;Detection of Purchase Technical Data;Detection Strategy for Role Addition to Cloud Accounts;Detection Strategy for Exfiltration to Code Repository;Detection of Credential Harvesting via Web Portal Modification
67,2022-04-18,Insider Threat,Archive via Custom Method;Exfiltration to Text Storage Sites;Remote Service Session Hijacking;Disk Wipe;Account Discovery;Search Engines,Data breach;Financial,Kimsuky;Lotus Blossom;CopyKittens;Lazarus Group;Mustang Panda,NETWIRE;SUGARDUMP;FLASHFLOOD,Developments;Media;Detection;Legal;Impact;Exfiltration;Validation;Response;Notification;Privacy,2,2,165,Media;SecOps,0.678696,0.846029,T1560.003;T1567.003;T1563;T1561;T1087;T1593.002,collection;discovery;exfiltration;impact;lateral-movement;reconnaissance,ESXi;IaaS;Identity Provider;Linux;Network Devices;Office Suite;PRE;SaaS;Windows;macOS,Detection Strategy for Disk Wipe via Direct Disk Access and Destructive Commands;Detect Archiving via Custom Method (T1560.003);Detection of Search Engines;Detection Strategy for Exfiltration to Text Storage Sites;Detection of Remote Service Session Hijacking;Enumeration of User or Account Information Across Platforms
68,2024-09-06,Supply Chain,Defense Evasion;WHOIS;File and Directory Permissions Modification;DNS/Passive DNS;DLL;Reconnaissance,Dark web;Malware,menuPass;BRONZE BUTLER;APT41;Chimera,Crutch;WEBC2;PowerSploit,Detection;Developments;Notification;Privacy;Validation;Legal;Exfiltration;Response,3,5,120,Legal;SecOps,0.662245,0.811583,T1553.001;T1596.002;T1222;T1596.001;T1574.001;T1596.003,defense-evasion;persistence;privilege-escalation;reconnaissance,ESXi;Linux;PRE;Windows;macOS,Detection of WHOIS;Detection of Digital Certificates;Detect Gatekeeper Bypass via Quarantine Flag and Trust Control Manipulation;Multi-Platform File and Directory Permissions Modification Detection Strategy;Detection of DNS/Passive DNS;Detection Strategy for Hijack Execution Flow for DLLs
69,2020-07-17,Data Breach,Exfiltration to Code Repository;Cloud Application Integration;Archive via Custom Method;Silver Ticket,Exfiltration;Dark web,Mustang Panda;UNC3886;FIN6;Kimsuky;CopyKittens;Lazarus Group;Lotus Blossom,OSX_OCEANLOTUS.D;Mimikatz;Empire;Reaver;FoggyWeb;HAWKBALL,Detection;Privacy;Developments;Impact;Media,4,3,165,SecOps;Threat Intel,0.731513,1.0,T1567.001;T1671;T1560.003;T1558.002,collection;credential-access;exfiltration;persistence,ESXi;Linux;Office Suite;SaaS;Windows;macOS,Detection Strategy for Cloud Application Integration;Detect Forged Kerberos Silver Tickets (T1558.002);Detect Archiving via Custom Method (T1560.003);Detection Strategy for Exfiltration to Code Repository
70,2025-08-01,Remote Access Trojan;Crypto Miner,Steal or Forge Authentication Certificates;Resource Development;Hide Infrastructure;Group Policy Discovery;Socket Filters,Exfiltration;Crypto;Botnet,APT29;Leviathan;Turla;Volt Typhoon;UNC3886;ZIRCONIUM,Penquin;Emissary;Mimikatz;AADInternals;LunarWeb,Detection;Media;Legal;Exfiltration;Response,2,5,120,SecOps;Vulnerability Management,0.604283,0.825273,T1649;T1587.004;T1665;T1615;T1205.002,command-and-control;credential-access;defense-evasion;discovery;persistence;resource-development,ESXi;Identity Provider;Linux;Network Devices;PRE;Windows;macOS,Detection strategy for Group Policy Discovery on Windows;Detection of Exploits;Detection Strategy for Steal or Forge Authentication Certificates;Socket-filter trigger → on-host raw-socket activity → reverse connection (T1205.002);Detection Strategy for Hide Infrastructure
71,2024-04-17,DDoS,Modify Cloud Compute Configurations;Endpoint Denial of Service;Unused/Unsupported Cloud Regions;Service Exhaustion Flood;Reflection Amplification,Web;Botnet;C2;Impact,Machete;APT3;FIN6;Naikon,ZxShell;OnionDuke,Developments;Validation;Exfiltration;Response;Media;Impact,5,4,60,SecOps;Network,1.0,0.658857,T1578.005;T1499;T1535;T1499.002;T1498.002,defense-evasion;impact,Containers;IaaS;Linux;Windows;macOS,Detection Strategy for Modify Cloud Compute Infrastructure: Modify Cloud Compute Configurations;Endpoint Resource Saturation and Crash Pattern Detection Across Platforms;Detection of Adversary Use of Unused or Unsupported Cloud Regions (IaaS);Detection Strategy for Reflection Amplification DoS (T1498.002);Detection Strategy for Endpoint DoS via Service Exhaustion Flood
72,2021-11-24,Ransomware,Spearphishing Link;Social Media Accounts,Ransom negotiation;Crypto,Mofang;Magic Hound;CURIUM;BlackTech;Fox Kitten,Mispadu;SocGholish;Valak;Snip3;Kerrdown;Bumblebee,Validation;Exfiltration;Response;Privacy;Legal,4,5,45,Network;SecOps,0.682271,0.969386,T1566.002;T1585.001,initial-access;resource-development,Identity Provider;Linux;Office Suite;PRE;SaaS;Windows;macOS,Detection Strategy for Spearphishing Links;Detection of Social Media Accounts
73,2020-01-19,Insider Threat,Wi-Fi Networks;Search Closed Sources;Exfiltration Over Asymmetric Encrypted Non-C2 Protocol;External Remote Services;Disable or Modify Network Device Firewall;Collection,Data breach;Exfiltration;Impact,Volt Typhoon;Ember Bear;Mustang Panda;EXOTIC LILY;GOLD SOUTHFIELD;Lotus Blossom;UNC3886;Chimera;Velvet Ant;Scattered Spider;Leviathan;CopyKittens;Sea Turtle,RGDoor;MESSAGETAP;Attor;FoggyWeb;IcedID;Squirrelwaffle,Legal;Notification;Developments;Media;Privacy;Impact;Exfiltration;Detection,1,4,120,Threat Intel;Network,0.343938,1.0,T1669;T1597;T1048.002;T1133;T1562.013;T1560.003,collection;defense-evasion;exfiltration;initial-access;persistence;reconnaissance,Containers;ESXi;Linux;Network Devices;PRE;Windows;macOS,"Behavior-chain detection for T1133 External Remote Services across Windows, Linux, macOS, Containers;Detection Strategy for Wi-Fi Networks;Unauthorized Network Firewall Rule Modification (T1562.013);Detect Archiving via Custom Method (T1560.003);Detection of Search Closed Sources;Detection of Exfiltration Over Asymmetric Encrypted Non-C2 Protocol"
74,2023-10-20,Data Breach,Exfiltration Over Bluetooth;Local Data Staging;Web Services,Exfiltration;Financial,APT39;Winter Vivern;Mustang Panda;GALLIUM;Threat Group-3390;FIN13;Earth Lusca;Kimsuky;Volt Typhoon,SampleCheck5000;Helminth;Crutch,Detection;Validation;Privacy;Legal;Impact;Exfiltration;Response;Developments;Notification,2,2,105,Exec;SecOps,0.627362,0.742892,T1011.001;T1074.001;T1584.006,collection;exfiltration;resource-development,ESXi;Linux;PRE;Windows;macOS,Detection of Web Services;Detection of Bluetooth-Based Data Exfiltration;Detection of Local Data Staging Prior to Exfiltration
75,2021-05-25,DDoS,Impact;Reflection Amplification,C2;Botnet;Web,Malteiro;FIN7;APT37;Ember Bear;APT41;Moonstone Sleet;BlackByte;Kimsuky;INC Ransom;Lazarus Group;Gamaredon Group,OnionDuke,Detection;Validation;Media;Impact;Privacy;Notification;Response,4,2,135,Exec;SecOps,0.388195,0.760503,T1499;T1498.002,impact,Containers;IaaS;Linux;Windows;macOS,Detection Strategy for Reflection Amplification DoS (T1498.002);Endpoint Resource Saturation and Crash Pattern Detection Across Platforms
76,2021-08-12,Phishing,Social Media Accounts;Resource Development;Account Discovery;Link Target;Reconnaissance;Employee Names;Command Obfuscation,Financial;Malware;Data breach,Wizard Spider;HEXANE;APT32;FIN6;TA505;Aquatic Panda;Moonstone Sleet;Cleaver;Turla;Volt Typhoon;MuddyWater;Gamaredon Group;Star Blizzard;Sidewinder,IceApple;Astaroth;Zeus Panda;XCSSET;SHARPSTATS,Legal;Impact;Privacy,1,5,135,Legal;Media,0.143498,0.582582,T1585.001;T1608.002;T1087;T1608.005;T1591.004;T1589.003;T1027.010,defense-evasion;discovery;reconnaissance;resource-development,ESXi;IaaS;Identity Provider;Linux;Office Suite;PRE;SaaS;Windows;macOS,Detection of Employee Names;Detection of Identify Roles;Detection Strategy for Command Obfuscation;Detection of Link Target;Detection of Upload Tool;Detection of Social Media Accounts;Enumeration of User or Account Information Across Platforms
77,2025-06-11,Supply Chain,Acquire Access;Cloud Accounts;KernelCallbackTable;Reconnaissance;Defense Evasion;Identify Business Tempo;Software;Initial Access,Initial Access;Supply Chain;APT,APT32;Medusa Group;TeamTNT;Sandworm Team;Rocke;APT29;Lazarus Group;Andariel;Magic Hound,FinFisher;BeaverTail;Kinsing;Dok;COATHANGER;Penquin,Impact;Privacy;Exfiltration;Developments;Notification,4,5,75,Vulnerability Management;Exec,0.464504,0.909072,T1650;T1586.003;T1574.013;T1592.003;T1222.002;T1591.003;T1592.002;T1195.001,defense-evasion;initial-access;persistence;privilege-escalation;reconnaissance;resource-development,Linux;PRE;Windows;macOS,Supply-chain tamper in dependencies/dev-tools (manager→write/install→first-run→egress);Detection of Software;Detection of Cloud Accounts;Detection of Identify Business Tempo;Detection of Acquire Access;Detection of Firmware;Unix-like File Permission Manipulation Behavioral Chain Detection Strategy;Detection Strategy for Hijack Execution Flow through the KernelCallbackTable on Windows.
78,2021-06-13,Web Shell,Malicious Link;Clear Command History,Initial Access;Web,APT41;Mustang Panda;FIN7;Mofang;Transparent Tribe,SocGholish;TSCookie;BackConfig;Bazar,Privacy;Validation;Exfiltration;Media;Legal;Notification;Response;Impact;Developments;Detection,3,5,210,SecOps;Threat Intel,0.515056,0.659519,T1204.001;T1070.003,defense-evasion;execution,ESXi;Linux;Network Devices;Windows;macOS,Behavioral Detection of Command History Clearing;User Execution – Malicious Link (click → suspicious egress → download/write → follow-on activity)
79,2022-02-02,Data Breach,SSH Hijacking;Password Policy Discovery;Reconnaissance;Account Manipulation,Dark web;Data breach;Exfiltration,Lazarus Group;HAFNIUM;OilRig;Turla;Andariel,Net;CrackMapExec,Validation;Impact;Media,1,4,135,Vulnerability Management;SecOps,0.30492,0.948676,T1563.001;T1201;T1592.002;T1098,discovery;lateral-movement;persistence;privilege-escalation;reconnaissance,Containers;ESXi;IaaS;Identity Provider;Linux;Network Devices;Office Suite;PRE;SaaS;Windows;macOS,Detection Strategy for SSH Session Hijacking;Detection of Software;Account Manipulation Behavior Chain Detection;Password Policy Discovery – cross-platform behavior-chain analytics
80,2022-01-26,Ransomware;Web Shell,System Information Discovery;Clear Command History;Symmetric Cryptography;Defense Evasion;Windows File and Directory Permissions Modification;Credential Access,Initial Access;Web,APT41;APT3;Blue Mockingbird;Kimsuky;Moses Staff;APT37;Sandworm Team;Daggerfly;FIN4;admin@338;Darkhotel;Stealth Falcon;BlackByte,BACKSPACE;FRP;WellMess;Pisloader;Kobalos,Exfiltration;Media;Legal;Privacy;Developments;Notification;Impact;Validation;Response;Detection,5,3,210,Media;SecOps,0.699437,0.773768,T1082;T1070.003;T1573.001;T1564.008;T1222.001;T1003.003,command-and-control;credential-access;defense-evasion;discovery,ESXi;IaaS;Linux;Network Devices;Office Suite;Windows;macOS,Windows DACL Manipulation Behavioral Chain Detection Strategy;System Discovery via Native and Remote Utilities;Behavioral Detection of Command History Clearing;Detection Strategy for Email Hiding Rules;Detection of NTDS.dit Credential Dumping from Domain Controllers;Detection Strategy for Encrypted Channel via Symmetric Cryptography across OS Platforms
81,2021-06-23,Crypto Miner;Remote Access Trojan,Network Devices;Active Setup;Hidden Window;Cloud Administration Command;Device Registration;Cloud Accounts;Spearphishing Link;Fast Flux DNS,Initial Access;Botnet,Wizard Spider;Evilnum;Storm-1811;APT1;Mustard Tempest;Cobalt Group;Lazarus Group;APT33;Transparent Tribe;APT29;TA577;Higaisa;Earth Lusca;DarkHydrus;APT39;ZIRCONIUM,KeyBoy;IMAPLoader;Kevin;OutSteel;njRAT,Detection;Impact;Response;Privacy;Exfiltration;Media,2,5,135,Media;SecOps,0.523274,0.868558,T1584.008;T1547.014;T1564.003;T1651;T1098.005;T1586.003;T1566.002;T1568.001,command-and-control;defense-evasion;execution;initial-access;persistence;privilege-escalation;resource-development,ESXi;IaaS;Identity Provider;Linux;Office Suite;PRE;SaaS;Windows;macOS,Detection Strategy for Cloud Administration Command;Detection of Network Devices;Detect Active Setup Persistence via StubPath Execution;Detection Strategy for Spearphishing Links;Detection of Cloud Accounts;Detection Strategy for Dynamic Resolution using Fast Flux DNS;Suspicious Device Registration via Entra ID or MFA Platform;Detection Strategy for Hidden Windows
82,2025-06-06,Remote Access Trojan,Masquerade File Type;Software Deployment Tools,APT;C2;Exfiltration,Mustang Panda;Medusa Group;Threat Group-1314;Volt Typhoon;Sandworm Team;APT32;BlackByte;Silence,Brute Ratel C4,Detection;Validation;Legal;Notification;Developments;Exfiltration;Privacy;Media;Impact,5,4,75,Vulnerability Management;Threat Intel,0.897297,1.0,T1036.008;T1072,defense-evasion;execution;lateral-movement,Linux;Network Devices;SaaS;Windows;macOS,Detection Strategy for Masquerading via File Type Modification;Detection of Adversary Abuse of Software Deployment Tools
83,2025-01-02,Crypto Miner;Remote Access Trojan,Privilege Escalation;Component Object Model;Command And Control,Crypto;Botnet;APT,BackdoorDiplomacy;APT3;APT41;APT32;Patchwork;Velvet Ant;Aquatic Panda;Chimera;Medusa Group;Sidewinder;APT19;Gamaredon Group;SideCopy;Evilnum,PlugX;RainyDay;Kerrdown,Media;Response;Privacy;Validation;Developments;Exfiltration;Notification;Legal,3,4,165,Vulnerability Management;SecOps,0.567669,1.0,T1574.001;T1559.001;T1090.004,command-and-control;defense-evasion;execution;persistence;privilege-escalation,ESXi;Linux;Windows;macOS,Domain Fronting Behavior via Mismatched TLS SNI and HTTP Host Headers;Detection Strategy for Hijack Execution Flow for DLLs;Detect Abuse of Component Object Model (T1559.001)
84,2020-06-20,Insider Threat,Cloud Accounts;Audio Capture;Databases,Impact;Financial;Exfiltration,HAFNIUM;Ke3chang;FIN6;APT28;Sea Turtle;Scattered Spider;Storm-0501;Sandworm Team;APT5;APT29;APT37;LAPSUS$;Turla;APT33,PowerSploit;Crimson;Attor;Remcos;VERMIN,Validation;Legal;Notification;Impact,2,2,60,Network;SecOps,0.0,0.750107,T1078.004;T1123;T1213.006,collection;defense-evasion;initial-access;persistence;privilege-escalation,IaaS;Identity Provider;Linux;Office Suite;SaaS;Windows;macOS,"Detection of Abused or Compromised Cloud Accounts for Access and Persistence;Behavioral Detection Strategy for T1123 Audio Capture Across Windows, Linux, macOS;Suspicious Database Access and Dump Activity Across Environments (T1213.006)"
85,2023-02-10,Supply Chain;Ransomware,Lateral Movement;Execution;Create Cloud Instance;Exploit Public-Facing Application;Credentials In Files,Crypto;Ransom negotiation,Moses Staff;RedCurl;APT28;APT5;Leviathan;OilRig;Salt Typhoon;BlackTech;Blue Mockingbird;menuPass;Volt Typhoon,Agent Tesla;Pupy,Detection;Media;Impact;Response;Developments;Validation;Privacy,4,2,135,Threat Intel;Media,1.0,1.0,T1080;T1651;T1578.002;T1190;T1552.001,credential-access;defense-evasion;execution;initial-access;lateral-movement,Containers;ESXi;IaaS;Linux;Network Devices;Office Suite;SaaS;Windows;macOS,Detection Strategy for Cloud Administration Command;Detection Strategy for Modify Cloud Compute Infrastructure: Create Cloud Instance;Detect Access to Unsecured Credential Files Across Platforms;Detection of Tainted Content Written to Shared Storage;Exploit Public-Facing Application – multi-signal correlation (request → error → post-exploit process/egress)
86,2021-04-26,Supply Chain;Crypto Miner,Steal or Forge Authentication Certificates;Cloud Administration Command;Software;Credential Access;Resource Development;Dynamic Data Exchange;Defense Evasion,Dark web;DDoS;Supply Chain,Andariel;BITTER;Cobalt Group;Leviathan,Pacu;HAWKBALL,Detection;Impact;Media;Notification;Response;Exfiltration;Legal;Developments;Privacy;Validation,4,2,75,Vulnerability Management;SecOps,0.176739,1.0,T1649;T1651;T1592.002;T1606;T1608.003;T1559.002;T1678,credential-access;defense-evasion;execution;reconnaissance;resource-development,IaaS;Identity Provider;Linux;Office Suite;PRE;SaaS;Windows;macOS,Detection Strategy for Cloud Administration Command;Detection of Software;Detection Strategy for Forged Web Credentials;Detection Strategy for Steal or Forge Authentication Certificates;Detect Abuse of Dynamic Data Exchange (T1559.002);Multi-Platform Detection Strategy for T1678 - Delay Execution;Detection of Install Digital Certificate
87,2023-05-12,Ransomware,Command And Control;Persistence;DNS;Environmental Keying;Acquire Infrastructure,Dark web;Malware;Ransom negotiation;Crypto,Equation;Cobalt Group;Chimera;BRONZE BUTLER;APT39;FIN7;Tropic Trooper;Sea Turtle;Rocke;Ember Bear;LazyScripter;Patchwork;Agrius;Star Blizzard;RTM;Ke3chang,Green Lambert;PolyglotDuke;Sliver;QUADAGENT;HTTPBrowser,Developments;Notification;Detection;Response;Impact;Exfiltration;Validation,5,5,195,SecOps;Threat Intel,0.398014,0.524504,T1102.001;T1546.011;T1071.004;T1480.001;T1583,command-and-control;defense-evasion;persistence;privilege-escalation;resource-development,ESXi;Linux;Network Devices;PRE;Windows;macOS,Detection of Acquire Infrastructure;Detection Strategy for Application Shimming via sdbinst.exe and Registry Artifacts (Windows);Environmental Keying Discovery-to-Decryption Behavioral Chain Detection Strategy;Behavioral Detection of DNS Tunneling and Application Layer Abuse;Detection Strategy for Web Service: Dead Drop Resolver
88,2021-04-27,Data Breach,Reconnaissance;BITS Jobs;Fileless Storage;Remote Service Session Hijacking,Financial;Data breach;Exfiltration,APT39;APT32;APT41;Leviathan;Wizard Spider;Turla;Patchwork,ThreatNeedle;SysUpdate;PipeMon;REvil;Sibot;PolyglotDuke,Validation;Privacy;Developments;Detection;Exfiltration,5,5,195,Legal;SecOps,0.49022,1.0,T1597.001;T1197;T1027.011;T1563,defense-evasion;lateral-movement;persistence;reconnaissance,Linux;PRE;Windows;macOS,"Detect abuse of Windows BITS Jobs for download, execution and persistence;Detection of Remote Service Session Hijacking;Detection Strategy for Fileless Storage via Registry, WMI, and Shared Memory;Detection of Threat Intel Vendors"
89,2025-01-16,Ransomware,Fast Flux DNS;Msiexec;Resource Development,Ransom negotiation;Financial;Dark web,menuPass;Wizard Spider;Machete;ZIRCONIUM;Mustang Panda;Threat Group-3390;FIN8;OilRig;APT38;TA505;Molerats,gh0st RAT;AppleJeus;RCSession;FlawedAmmyy,Response;Notification;Impact;Developments;Validation;Legal;Privacy;Media;Exfiltration,3,3,120,Legal;SecOps,0.532215,0.764488,T1568.001;T1218.007;T1588.003,command-and-control;defense-evasion;resource-development,ESXi;Linux;PRE;Windows;macOS,"Detection of Msiexec Abuse for Local, Network, and DLL Execution;Detection Strategy for Dynamic Resolution using Fast Flux DNS;Detection of Code Signing Certificates"
90,2025-08-10,DDoS;Ransomware,Confluence;NTDS;Initial Access,Ransom negotiation;DDoS;Web,GALLIUM;Suckfly;Indrik Spider;APT28;Akira;Silence;UNC3886;Lazarus Group;Sandworm Team;Threat Group-3390;Medusa Group;FIN5;Dragonfly;FIN7;Play;Chimera,Impacket;Linux Rabbit;Industroyer;Dtrack;SeaDuke;CrackMapExec,Impact;Notification;Detection;Response;Privacy;Media;Exfiltration,3,2,150,Threat Intel;Network,0.551277,0.947743,T1213.001;T1003.003;T1078,collection;credential-access;defense-evasion;initial-access;persistence;privilege-escalation,Containers;ESXi;IaaS;Identity Provider;Linux;Network Devices;Office Suite;SaaS;Windows;macOS,Programmatic and Excessive Access to Confluence Documentation;Detection of NTDS.dit Credential Dumping from Domain Controllers;Detection of Valid Account Abuse Across Platforms
91,2023-01-28,Insider Threat,Remote Service Session Hijacking;Purchase Technical Data;Credentials;Cloud Accounts;Brute Force,Impact;Data breach;Exfiltration;Financial,APT28;Ember Bear;Chimera;Dragonfly;Leviathan;Magic Hound;Turla;LAPSUS$;APT38;HEXANE;FIN5;APT41;APT29,PoshC2;Chaos;CrackMapExec;Pysa;Caterpillar WebShell;QakBot,Developments;Legal;Exfiltration;Notification;Privacy;Detection;Impact,2,4,30,Vulnerability Management;SecOps,0.852196,0.91314,T1563;T1597.002;T1589.001;T1586.003;T1110,credential-access;lateral-movement;reconnaissance;resource-development,Containers;ESXi;IaaS;Identity Provider;Linux;Network Devices;Office Suite;PRE;SaaS;Windows;macOS,Detection of Purchase Technical Data;Detection of Cloud Accounts;Detection of Credentials;Detection of Remote Service Session Hijacking;Brute Force Authentication Failures with Multi-Platform Log Correlation
92,2024-04-01,Phishing,GUI Input Capture;Resource Development;Dynamic Data Exchange;Persistence;Compression;Web Services,Initial Access;Malware;Data breach,IndigoZebra;Molerats;Winter Vivern;ZIRCONIUM;Sidewinder;POLONIUM;APT29;LazyScripter;Turla;Gallmaker,Bazar;POWERSTATS;Reaver;S-Type,Developments;Detection;Media;Impact;Response;Legal;Validation;Notification;Exfiltration,4,5,75,SecOps;Media,0.826617,0.862829,T1056.002;T1583.006;T1559.002;T1547.009;T1027.015;T1584.006,collection;credential-access;defense-evasion;execution;persistence;privilege-escalation;resource-development,Linux;PRE;Windows;macOS,Behavioral Detection of Spoofed GUI Credential Prompts;Detection Strategy for Compressed Payload Creation and Execution;Detection of Web Services;Detect Abuse of Dynamic Data Exchange (T1559.002);Detection Strategy for T1547.009 – Shortcut Modification (Windows)
93,2024-03-04,Web Shell,Defense Evasion;Local Account;Application Window Discovery,Exfiltration;C2,Volt Typhoon;MuddyWater;Daggerfly;APT37,ObliqueRAT;Pikabot;build_downer;njRAT;Aria-body,Impact;Detection;Notification,4,4,105,Network;SecOps,0.772608,0.972621,T1027.003;T1136.001;T1010,defense-evasion;discovery;persistence,Containers;ESXi;Linux;Network Devices;Windows;macOS,Detection of Application Window Enumeration via API or Scripting;T1136.001 Detection Strategy - Local Account Creation Across Platforms;Detection Strategy for Steganographic Abuse in File & Script Execution
94,2022-12-14,Ransomware,Internal Defacement;Collection;Data Obfuscation;Acquire Infrastructure;LSASS Memory,Impact;Ransom negotiation,Chimera;MuddyWater;FIN13;APT33;Earth Lusca;Threat Group-3390;Agrius;Cleaver;Sandworm Team;Star Blizzard,StrelaStealer;BlackCat;Ninja;FunnyDream;GreyEnergy;SILENTTRINITY,Validation;Detection;Media;Exfiltration;Privacy;Developments;Notification,4,2,195,Vulnerability Management;Legal,0.79519,0.515839,T1491.001;T1213.002;T1001;T1583;T1003.001,collection;command-and-control;credential-access;impact;resource-development,ESXi;Linux;Office Suite;PRE;Windows;macOS,Internal Website and System Content Defacement via UI or Messaging Modifications;Detection of Credential Dumping from LSASS Memory via Access and Dump Sequence;Detecting Abnormal SharePoint Data Mining by Privileged or Rare Users;Detection of Acquire Infrastructure;Detect Obfuscated C2 via Network Traffic Analysis
95,2020-01-01,Ransomware,Discovery;Multi-Factor Authentication Request Generation;System Owner/User Discovery;Dynamic Data Exchange;Credential Access;Replication Through Removable Media,Dark web;Crypto;Malware,Moonstone Sleet;APT41;Aoqin Dragon;Lazarus Group,PowerDuke;Gold Dragon,Response;Privacy;Legal;Developments;Media,3,4,105,Media;Exec,0.706561,1.0,T1580;T1621;T1033;T1559.002;T1558.004;T1091,credential-access;discovery;execution;initial-access;lateral-movement,IaaS;Identity Provider;Linux;Network Devices;Office Suite;SaaS;Windows;macOS,Removable Media Execution Chain Detection via File and Process Activity;Behavioral Detection of User Discovery via Local and Remote Enumeration;Detect AS-REP Roasting Attempts (T1558.004);Detection Strategy for Cloud Infrastructure Discovery;Detect Abuse of Dynamic Data Exchange (T1559.002);Detection Strategy for Multi-Factor Authentication Request Generation (T1621)
96,2022-11-11,DDoS;Insider Threat,SIP and Trust Provider Hijacking;Collection;Archive via Custom Method;Data Destruction,DDoS;Web;Financial,BRONZE BUTLER;Lazarus Group;Kimsuky;Fox Kitten;Lotus Blossom;Sandworm Team;RedCurl;Chimera;FIN6;APT28;APT38;Gamaredon Group;menuPass;Storm-0501;CopyKittens;Sowbug,KillDisk;MESSAGETAP,Media;Detection;Validation;Impact;Developments,3,4,120,SecOps;Vulnerability Management,0.077121,0.839446,T1553.003;T1039;T1560.003;T1485,collection;defense-evasion;impact,Containers;ESXi;IaaS;Linux;Windows;macOS,Detection Strategy for Subvert Trust Controls using SIP and Trust Provider Hijacking.;Detect Archiving via Custom Method (T1560.003);Detection of Data Destruction Across Platforms via Mass Overwrite and Deletion Patterns;Detection Strategy for Data from Network Shared Drive
97,2023-01-18,Crypto Miner,Malicious Library;Group Policy Discovery;IDE Extensions;System Network Configuration Discovery;Domain or Tenant Policy Modification;Symmetric Cryptography;Execution;Disable Crypto Hardware,DDoS;Malware;Botnet,RedCurl;MuddyWater;APT41;APT33;SideCopy;Inception;Darkhotel;APT32;OilRig;Sidewinder,FakeM;Zebrocy,Detection;Media;Validation;Developments;Impact;Legal;Notification;Response;Exfiltration;Privacy,3,5,30,SecOps;Exec,0.496829,0.602151,T1204.005;T1615;T1176.002;T1016;T1484;T1573.001;T1204.003;T1600.002,command-and-control;defense-evasion;discovery;execution;persistence;privilege-escalation,Containers;ESXi;IaaS;Identity Provider;Linux;Network Devices;Windows;macOS,Detection strategy for Group Policy Discovery on Windows;Behavioral Detection of System Network Configuration Discovery;User-Initiated Malicious Library Installation via Package Manager (T1204.005);Detection of Domain or Tenant Policy Modifications via AD and Identity Provider;User Execution – Malicious Image (containers & IaaS) – pull/run → start → anomalous behavior (T1204.003);Detect malicious IDE extension install/usage and IDE tunneling;Detection Strategy for Weaken Encryption: Disable Crypto Hardware on Network Devices;Detection Strategy for Encrypted Channel via Symmetric Cryptography across OS Platforms
98,2020-07-02,Banking Trojan,Internet Connection Discovery;Conditional Access Policies;Additional Local or Domain Groups;Persistence;Match Legitimate Resource Name or Location;Delete Cloud Instance;Modify Authentication Process;Wi-Fi Discovery,Exfiltration;Malware;Data breach,Ferocious Kitten;RedCurl;Indrik Spider;Transparent Tribe;Whitefly;BackdoorDiplomacy;HEXANE;menuPass;Blue Mockingbird;OilRig;TA2541;Volt Typhoon;Storm-1811;Akira,StrongPity;NightClub;S-Type,Detection;Impact;Exfiltration;Response;Media;Validation;Legal,1,2,165,Vulnerability Management;Network,0.615316,0.671423,T1016.001;T1556.009;T1098.007;T1098.001;T1036.005;T1578.003;T1556;T1016.002,credential-access;defense-evasion;discovery;persistence;privilege-escalation,Containers;ESXi;IaaS;Identity Provider;Linux;Network Devices;Office Suite;SaaS;Windows;macOS,Behavioral Detection of Wi-Fi Discovery Activity;Suspicious Addition to Local or Domain Groups;Detection Strategy for Additional Cloud Credentials in IaaS/IdP/SaaS;Detect Modification of Authentication Processes Across Platforms;Detection Strategy for Modify Cloud Compute Infrastructure: Delete Cloud Instance;Behavioral Detection of Internet Connection Discovery;Detect Conditional Access Policy Modification in Identity and Cloud Platforms;Detection Strategy for Masquerading via Legitimate Resource Name or Location
99,2021-12-21,Phishing;Banking Trojan,Account Access Removal;Discovery;Network Trust Dependencies;Multi-Factor Authentication;Drive-by Compromise;Gather Victim Network Information;Collection;Replication Through Removable Media,Data breach;Botnet;Exfiltration,APT28;Elderwood;Fox Kitten;Threat Group-3390;PLATINUM,LoudMiner;SUNBURST;WinMM;SOUNDBITE;Derusbi,Exfiltration;Legal;Impact;Validation;Developments;Privacy;Notification,2,3,120,Threat Intel;Media,0.768337,0.662712,T1531;T1083;T1590.003;T1556.006;T1189;T1590;T1560.003;T1091,collection;credential-access;defense-evasion;discovery;impact;initial-access;lateral-movement;persistence;reconnaissance,ESXi;IaaS;Identity Provider;Linux;Network Devices;Office Suite;PRE;SaaS;Windows;macOS,"Detection of Network Trust Dependencies;Removable Media Execution Chain Detection via File and Process Activity;Detect MFA Modification or Disabling Across Platforms;Detect Archiving via Custom Method (T1560.003);Drive-by Compromise — Behavior-based, Multi-platform Detection Strategy (T1189);Account Access Removal via Multi-Platform Audit Correlation;Recursive Enumeration of Files and Directories Across Privilege Contexts;Detection of Gather Victim Network Information"
100,2023-07-14,DDoS;Phishing,Hardware;Debugger Evasion;Impact;Execution;Endpoint Denial of Service;Resource Development,Botnet;Impact;Malware,Earth Lusca;APT17;Magic Hound;TA2541;ZIRCONIUM;Contagious Interview;TA578,StealBit,Exfiltration;Developments;Impact;Privacy;Legal;Notification,2,1,150,Threat Intel;SecOps,0.382133,0.699354,T1592.001;T1622;T1499.001;T1059.010;T1499;T1583.006,defense-evasion;discovery;execution;impact;reconnaissance;resource-development,Containers;IaaS;Linux;PRE;Windows;macOS,Detection Strategy for AutoHotKey & AutoIT Abuse;Endpoint Resource Saturation and Crash Pattern Detection Across Platforms;Detection Strategy for Debugger Evasion (T1622);Detection of Hardware;Detection of Web Services;Endpoint DoS via OS Exhaustion Flood Detection Strategy
