ORGID,Industry,Region,Size,SecurityBudget,PrimarySecurityTeam,Maturity,Complexity,ExerciseFrequency,Threats,TTPs,Aims,Sector,Country,DataAtRisk,AttackPatterns,ActorMotivation
1,Remote Access Trojan,Asia,Medium,Medium,Hybrid,3,1,210,Remote Access Trojan;Web Shell,Vulnerability Scanning;Clear Command History;Collection,Gamaredon Group;Resource Hijacking;DDoS;Mispadu,Education,IN,Credentials;Internal;Medical;Personal;Unknown,Basic Web Application Attacks;System Intrusion;Social Engineering,Financial;Fun;Unknown
2,Ransomware,Asia,Medium,Low,Hybrid,4,1,270,Ransomware;Phishing,Execution;Web Protocols;Replication Through Removable Media;IP Addresses;Reconnaissance,NightClub;Insider Threat;Exfiltration Over Unencrypted Non-C2 Protocol;Saint Bear,Technology,TW,Credentials;Internal;Other;Payment;Personal,Basic Web Application Attacks;System Intrusion;Social Engineering;Denial of Service,Espionage;Financial;Fun
3,Banking Trojan,North America,Large,Low,Outsourced,3,2,90,Banking Trojan;Data Breach;Remote Access Trojan,RC Scripts;Databases;Code Repositories;Resource Development;Establish Accounts;Execution;Disable or Modify Network Device Firewall,SodaMaster;Replication Through Removable Media;Poseidon Group;Crypto Miner,Government,US,Classified;Credentials;Internal;Medical;Personal,Basic Web Application Attacks;System Intrusion;Social Engineering;Denial of Service,Espionage;Financial;Fun
4,Ransomware,Africa,Small,High,Hybrid,2,3,210,Ransomware;Data Breach;Remote Access Trojan,DNS Server;Archive via Custom Method;Remote Email Collection;Collection,ShrinkLocker;Business Relationships;Web Shell,Education,ZA,Credentials;Internal;Medical;Personal;Unknown,Basic Web Application Attacks;System Intrusion;Social Engineering,Financial;Fun;Unknown
5,Ransomware,North America,Small,Medium,Hybrid,3,1,120,Ransomware,Dynamic Data Exchange;Impact;Command Obfuscation;Replication Through Removable Media;Windows Management Instrumentation Event Subscription;Browser Information Discovery;Acquire Infrastructure;Resource Development,Pacu;Phishing;Search Engines;Ke3chang,Technology,US,Credentials;Internal;Other;Payment;Personal,Basic Web Application Attacks;System Intrusion;Social Engineering;Denial of Service,Espionage;Financial;Fun
6,Web Shell,Middle East,Large,High,Hybrid,1,2,150,Web Shell,Remote Desktop Protocol;Group Policy Modification;Lateral Tool Transfer;Reconnaissance;DNS Server,SodaMaster;Search Engines;Akira,Technology,AE,Credentials;Internal;Other;Payment;Personal,Basic Web Application Attacks;System Intrusion;Social Engineering;Denial of Service,Espionage;Financial;Fun
7,Phishing,Africa,Small,Low,In-house,4,2,360,Phishing;Ransomware,Lateral Movement;Credential Access;Discovery;Right-to-Left Override;Spearphishing Attachment;Acquire Infrastructure;Social Media Accounts,Saint Bear;DDoS;NightClub,Healthcare,KE,Bank;Credentials;Internal;Medical;Payment,Privilege Misuse;Basic Web Application Attacks;System Intrusion;Social Engineering,Financial;Fun;Unknown
8,Phishing,North America,Medium,High,In-house,4,5,300,Phishing,IP Addresses;Email Addresses;Defense Evasion;Social Media Accounts;Right-to-Left Override,Remote Access Trojan;Pacu;Moonstone Sleet,Government,US,Classified;Credentials;Internal;Medical;Personal,Basic Web Application Attacks;System Intrusion;Social Engineering;Denial of Service,Espionage;Financial;Fun
9,Data Breach,North America,Small,High,Outsourced,2,1,90,Data Breach;Phishing;Ransomware,Silver Ticket;Exfiltration Over Unencrypted Non-C2 Protocol;Credential Access,Remote Service Session Hijacking;Data Breach;Poseidon Group;Pacu,Administrative,US,Bank;Credentials;Internal;Medical;Payment,Basic Web Application Attacks;System Intrusion;Social Engineering;Everything Else,Espionage;Financial;Fun
10,Crypto Miner,Africa,Large,High,Hybrid,2,2,30,Crypto Miner,Disable Crypto Hardware;Group Policy Discovery;Resource Development;Automated Collection;BITS Jobs;Credential Access;Private Keys;Environmental Keying;Defense Evasion;Gatekeeper Bypass,Web Portal Capture;Sandworm Team;P.A.S. Webshell,Government,ZA,Classified;Credentials;Internal;Medical;Personal,Basic Web Application Attacks;System Intrusion;Social Engineering;Denial of Service,Espionage;Financial;Fun
11,Ransomware,Asia,Small,Low,Hybrid,4,1,240,Ransomware,Discovery;Acquire Infrastructure;Lateral Movement;Reconnaissance;Resource Development;Command Obfuscation,Akira;DDoS;Penquin,Finance,CN,Bank;Credentials;Internal;Medical;Payment,Basic Web Application Attacks;System Intrusion;Social Engineering;Everything Else,Espionage;Financial;Fun
12,Data Breach,North America,Large,High,In-house,1,2,270,Data Breach,Exfiltration Over Asymmetric Encrypted Non-C2 Protocol;Impact;Disk Wipe;Silver Ticket;Resource Development;Remote Services;Dynamic Data Exchange;Collection;Cloud Accounts;Archive via Custom Method;Disable or Modify Network Device Firewall,Poseidon Group;QakBot;Remote Access Tools,Retail,US,Bank;Credentials;Internal;Medical;Payment,Basic Web Application Attacks;System Intrusion;Social Engineering,Financial;Fun;Grudge
13,Phishing,North America,Medium,Medium,Hybrid,1,2,300,Phishing;Data Breach;Ransomware,Command Obfuscation;Windows File and Directory Permissions Modification;Cloud Accounts,SilverTerrier;Windows Management Instrumentation Event Subscription;Mispadu;Crypto Miner,Healthcare,US,Bank;Credentials;Internal;Medical;Payment,Privilege Misuse;Basic Web Application Attacks;System Intrusion;Social Engineering,Financial;Fun;Unknown
14,Remote Access Trojan,Oceania,Small,High,In-house,1,4,120,Remote Access Trojan;Web Shell,Execution;Gather Victim Identity Information;DNS Server;Mshta;Command And Control;Data Encoding;File Transfer Protocols;Databases;Publish/Subscribe Protocols;Ingress Tool Transfer,ShrinkLocker;Insider Threat;APT3,Technology,AU,Credentials;Internal;Other;Payment;Personal,Basic Web Application Attacks;System Intrusion;Social Engineering;Denial of Service,Espionage;Financial;Fun
15,Web Shell,Europe,Large,High,In-house,3,2,180,Web Shell;Data Breach;Banking Trojan,Code Signing;Bypass User Account Control,Replication Through Removable Media;Chaos;Insider Threat,Retail,FR,Bank;Credentials;Internal;Medical;Payment,Basic Web Application Attacks;System Intrusion;Social Engineering,Financial;Fun;Grudge
16,Web Shell,Middle East,Large,High,In-house,3,4,150,Web Shell;Remote Access Trojan;Ransomware,Windows File and Directory Permissions Modification;Digital Certificates;Local Data Staging;Data Encrypted for Impact;Group Policy Modification;Discovery;Ingress Tool Transfer;Mshta;Defense Evasion;RC Scripts;Initial Access,Saint Bear;Banking Trojan;Bad Rabbit,Education,IL,Credentials;Internal;Medical;Personal;Unknown,Basic Web Application Attacks;System Intrusion;Social Engineering,Financial;Fun;Unknown
17,Ransomware,Africa,Medium,Low,In-house,5,4,270,Ransomware;Web Shell;Banking Trojan,Reconnaissance;Remote Desktop Protocol;Archive via Custom Method;Web Protocols;Data Encrypted for Impact;Clear Command History;Privilege Escalation;System Network Configuration Discovery,Chaos;Supply Chain;LSASS Memory;Gamaredon Group,Government,ZA,Classified;Credentials;Internal;Medical;Personal,Basic Web Application Attacks;System Intrusion;Social Engineering;Denial of Service,Espionage;Financial;Fun
18,Ransomware,North America,Medium,Low,Hybrid,3,4,210,Ransomware;Crypto Miner,Steal or Forge Authentication Certificates;Establish Accounts;SMB/Windows Admin Shares;Command Obfuscation;Initial Access;Lateral Movement;Environmental Keying;Group Policy Discovery;Collection;Reconnaissance,Bad Rabbit;Ke3chang;Data Breach,Professional Services,US,Bank;Classified;Credentials;Internal;Medical,Basic Web Application Attacks;System Intrusion;Social Engineering;Everything Else,Espionage;Financial;Fun
19,Banking Trojan,Europe,Medium,Medium,Hybrid,2,2,210,Banking Trojan;Ransomware,Dynamic Data Exchange;Impact;Windows Management Instrumentation Event Subscription;Persistence;Code Repositories;Initial Access;Outlook Home Page;Lateral Movement;Reconnaissance;Command And Control,LSASS Memory;Bad Rabbit;APT3;Phishing,Administrative,GB,Bank;Credentials;Internal;Medical;Payment,Basic Web Application Attacks;System Intrusion;Social Engineering;Everything Else,Espionage;Financial;Fun
20,Web Shell,Africa,Small,High,Outsourced,2,1,210,Web Shell;Ransomware,Vulnerability Scanning;Local Accounts;Ingress Tool Transfer;Defense Evasion;Data Encrypted for Impact;Initial Access,Gallmaker;Chaos;Exfiltration Over Unencrypted Non-C2 Protocol;Remote Access Trojan,Healthcare,ZA,Bank;Credentials;Internal;Medical;Payment,Privilege Misuse;Basic Web Application Attacks;System Intrusion;Social Engineering,Financial;Fun;Unknown
21,Remote Access Trojan,South America,Medium,High,Outsourced,4,2,180,Remote Access Trojan;Ransomware;Web Shell,DNS Server;Dynamic Data Exchange;RC Scripts;Acquire Infrastructure;Data Encrypted for Impact,Ransomware;Poseidon Group;Exaramel for Windows,Education,BR,Credentials;Internal;Medical;Personal;Unknown,Basic Web Application Attacks;System Intrusion;Social Engineering,Financial;Fun;Unknown
22,Ransomware,Europe,Medium,Medium,Outsourced,1,4,30,Ransomware,Web Protocols;Credential Access,Storm-1811;Crypto Miner;Resource Hijacking,Education,FI,Credentials;Internal;Medical;Personal;Unknown,Basic Web Application Attacks;System Intrusion;Social Engineering,Financial;Fun;Unknown
23,Ransomware,Africa,Small,Medium,Hybrid,2,1,210,Ransomware;Web Shell;Phishing,DNS Server;Remote Desktop Protocol;Vulnerability Scanning;Debugger Evasion;Browser Information Discovery;Code Repositories;Domain Groups;Impact;Spearphishing Attachment,FIN4;Business Relationships;Penquin;Supply Chain,Finance,ZA,Bank;Credentials;Internal;Medical;Payment,Basic Web Application Attacks;System Intrusion;Social Engineering;Everything Else,Espionage;Financial;Fun
24,Remote Access Trojan,South America,Medium,High,Hybrid,4,1,180,Remote Access Trojan,Virtual Private Server;Remote Access Tools;Defense Evasion;RC Scripts;Publish/Subscribe Protocols,Banking Trojan;Remote Access Tools;Saint Bear;Chaos,Government,AR,Classified;Credentials;Internal;Medical;Personal,Basic Web Application Attacks;System Intrusion;Social Engineering;Denial of Service,Espionage;Financial;Fun
25,Banking Trojan,South America,Large,Medium,Hybrid,3,3,90,Banking Trojan;Data Breach,Registry Run Keys / Startup Folder;Outlook Home Page;Code Repositories;Bypass User Account Control;Reconnaissance;Password Guessing;Disable or Modify Network Device Firewall,LSASS Memory;P.A.S. Webshell;Remote Access Trojan;Sandworm Team,Retail,AR,Bank;Credentials;Internal;Medical;Payment,Basic Web Application Attacks;System Intrusion;Social Engineering,Financial;Fun;Grudge
26,Data Breach,Europe,Medium,High,Outsourced,4,1,150,Data Breach,Disable or Modify Network Device Firewall;Exfiltration Over Unencrypted Non-C2 Protocol;Archive via Custom Method;Disk Wipe;Cloud Accounts;Domain Groups;Exfiltration Over Bluetooth;Password Guessing,Web Portal Capture;TA577;Banking Trojan;P.A.S. Webshell,Healthcare,GB,Bank;Credentials;Internal;Medical;Payment,Privilege Misuse;Basic Web Application Attacks;System Intrusion;Social Engineering,Financial;Fun;Unknown
27,Ransomware,Oceania,Small,High,Hybrid,4,2,120,Ransomware;Data Breach;DDoS,Disk Wipe;Cloud Accounts,Ke3chang;Remote Service Session Hijacking;Ransomware,Finance,AU,Bank;Credentials;Internal;Medical;Payment,Basic Web Application Attacks;System Intrusion;Social Engineering;Everything Else,Espionage;Financial;Fun
28,Supply Chain,Europe,Large,High,Outsourced,4,4,150,Supply Chain;Ransomware,Dynamic Data Exchange;Acquire Access;Domain Groups,LAPSUS$;Insider Threat;P.A.S. Webshell,Transportation,GB,Bank;Credentials;Internal;Medical;Payment,Basic Web Application Attacks;System Intrusion;Social Engineering;Everything Else,Espionage;Financial;Fun
29,Web Shell,Europe,Medium,High,Outsourced,5,5,60,Web Shell;Ransomware;DDoS,System Network Configuration Discovery;Replication Through Removable Media;Vulnerability Scanning;Exfiltration Over Unencrypted Non-C2 Protocol;Lateral Movement;Timestomp;File Transfer Protocols;Credential Access;Privilege Escalation;Local Accounts;Resource Development,Exfiltration Over Unencrypted Non-C2 Protocol;REvil;Data Breach;Moonstone Sleet,Finance,GB,Bank;Credentials;Internal;Medical;Payment,Basic Web Application Attacks;System Intrusion;Social Engineering;Everything Else,Espionage;Financial;Fun
30,Data Breach,Oceania,Medium,Medium,Outsourced,4,4,300,Data Breach;Remote Access Trojan;Web Shell,Registry Run Keys / Startup Folder;Vulnerability Scanning;Virtual Private Server;Domain Groups;Network Devices;Disable or Modify Network Device Firewall;File Transfer Protocols;Remote Email Collection;Defense Evasion,Exfiltration Over Unencrypted Non-C2 Protocol;LAPSUS$;Remote Access Trojan,Education,AU,Credentials;Internal;Medical;Personal;Unknown,Basic Web Application Attacks;System Intrusion;Social Engineering,Financial;Fun;Unknown
31,Ransomware,North America,Medium,Medium,Outsourced,3,1,210,Ransomware;Phishing,Execution;Local Accounts;System Owner/User Discovery;Acquire Infrastructure;Discovery;Parent PID Spoofing;Defense Evasion;IP Addresses;Windows Management Instrumentation Event Subscription;Control Panel;Reconnaissance,VERMIN;Remote Access Trojan;Gallmaker;Modify Cloud Compute Configurations,Healthcare,US,Bank;Credentials;Internal;Medical;Payment,Privilege Misuse;Basic Web Application Attacks;System Intrusion;Social Engineering,Financial;Fun;Unknown
32,Ransomware,North America,Large,Low,Outsourced,4,1,120,Ransomware;Remote Access Trojan;Supply Chain,Resource Development;Collection;Publish/Subscribe Protocols;Privilege Escalation;Invalid Code Signature;Discovery;Network Trust Dependencies;Compromise Software Supply Chain;Network Devices;Defense Evasion,Remote Service Session Hijacking;Carbanak;Pacu,Healthcare,MX,Bank;Credentials;Internal;Medical;Payment,Privilege Misuse;Basic Web Application Attacks;System Intrusion;Social Engineering,Financial;Fun;Unknown
33,DDoS,Middle East,Small,High,In-house,2,4,270,DDoS,Relocate Malware;Resource Development;Persistence;Disable or Modify Cloud Firewall;Exfiltration Over Unencrypted Non-C2 Protocol;Debugger Evasion;Overwrite Process Arguments;Endpoint Denial of Service;Timestomp;Bandwidth Hijacking,Business Relationships;APT3;DDoS,Technology,IL,Credentials;Internal;Other;Payment;Personal,Basic Web Application Attacks;System Intrusion;Social Engineering;Denial of Service,Espionage;Financial;Fun
34,Data Breach,Asia,Medium,High,In-house,2,1,240,Data Breach;Ransomware,Command Obfuscation;Web Protocols;Defense Evasion,Network Trust Dependencies;SodaMaster;Supply Chain,Technology,CN,Credentials;Internal;Other;Payment;Personal,Basic Web Application Attacks;System Intrusion;Social Engineering;Denial of Service,Espionage;Financial;Fun
35,Phishing,Europe,Medium,High,Outsourced,3,4,360,Phishing;DDoS;Remote Access Trojan,Browser Information Discovery;Reflection Amplification;Command And Control;Establish Accounts;XSL Script Processing;Command Obfuscation,FIN4;Supply Chain;Mispadu,Government,NL,Classified;Credentials;Internal;Medical;Personal,Basic Web Application Attacks;System Intrusion;Social Engineering;Denial of Service,Espionage;Financial;Fun
36,Ransomware,Europe,Large,Medium,Hybrid,4,2,210,Ransomware,Impact;Domain Groups;Privilege Escalation;Replication Through Removable Media;Discovery;Windows File and Directory Permissions Modification,ShimRat;Phishing;Windows Management Instrumentation Event Subscription,Finance,RU,Bank;Credentials;Internal;Medical;Payment,Basic Web Application Attacks;System Intrusion;Social Engineering;Everything Else,Espionage;Financial;Fun
37,Data Breach,Middle East,Large,Medium,Hybrid,5,5,180,Data Breach;Ransomware,Defense Evasion;Exfiltration Over Bluetooth;Lateral Movement;Domain Groups;Privilege Escalation;Replication Through Removable Media;Remote Services;Discovery;Silver Ticket,Web Shell;Web Portal Capture;ShrinkLocker,Healthcare,TR,Bank;Credentials;Internal;Medical;Payment,Privilege Misuse;Basic Web Application Attacks;System Intrusion;Social Engineering,Financial;Fun;Unknown
38,Phishing,North America,Medium,High,In-house,5,5,240,Phishing;Ransomware,Spearphishing Attachment;Credential Access;Lateral Movement;Execution,Modify Cloud Compute Configurations;Moonstone Sleet;Exaramel for Windows,Healthcare,US,Bank;Credentials;Internal;Medical;Payment,Privilege Misuse;Basic Web Application Attacks;System Intrusion;Social Engineering,Financial;Fun;Unknown
39,Banking Trojan,Oceania,Medium,Medium,In-house,4,2,210,Banking Trojan;Web Shell,Multi-Factor Authentication;Delete Cloud Instance;Browser Information Discovery;Command And Control;Resource Development;Bypass User Account Control;Develop Capabilities;Persistence,Business Relationships;Phishing;SodaMaster;Sandworm Team,Manufacturing,AU,Bank;Classified;Credentials;Internal;Medical,Basic Web Application Attacks;System Intrusion;Social Engineering,Espionage;Financial;Fun
40,Data Breach,North America,Large,Medium,In-house,1,4,60,Data Breach;DDoS,Botnet;Reconnaissance;Relocate Malware;Disk Wipe;Exfiltration Over Unencrypted Non-C2 Protocol;Resource Development,Resource Hijacking;Crypto Miner;SodaMaster,Trade,MX,Bank;Credentials;Internal;Medical;Payment,Basic Web Application Attacks;System Intrusion;Everything Else,Financial;Fun;Grudge
41,Banking Trojan,North America,Large,Low,In-house,5,4,300,Banking Trojan;Web Shell,Mshta;Discovery;Credential Access;DNS Server;Spearphishing Voice;Remote Desktop Protocol,Play;Phishing;Remote Service Session Hijacking;P.A.S. Webshell,Other Services,US,Credentials;Internal;Medical;Other;Payment,Basic Web Application Attacks;System Intrusion;Social Engineering;Denial of Service,Espionage;Financial;Fun
42,Ransomware,North America,Medium,High,Outsourced,4,5,270,Ransomware;Remote Access Trojan,Remote Email Collection;Remote Access Tools;DNS Server;Execution;Resource Development;Discovery;Dynamic Data Exchange;Reconnaissance;Windows File and Directory Permissions Modification;Browser Information Discovery;Privilege Escalation,Steal Application Access Token;Banking Trojan;Gamaredon Group;NightClub,Education,US,Credentials;Internal;Medical;Personal;Unknown,Basic Web Application Attacks;System Intrusion;Social Engineering,Financial;Fun;Unknown
43,Web Shell,Asia,Large,Low,Hybrid,3,4,210,Web Shell;Data Breach;Supply Chain,Ingress Tool Transfer;Disk Wipe;Gather Victim Identity Information;Resource Development,Replication Through Removable Media;Data Breach;DarkTortilla;Gallmaker,Transportation,CN,Bank;Credentials;Internal;Medical;Payment,Basic Web Application Attacks;System Intrusion;Social Engineering;Everything Else,Espionage;Financial;Fun
44,Ransomware,Africa,Medium,Low,Hybrid,3,1,210,Ransomware;Web Shell,Gather Victim Identity Information;Collection;Impact;Ingress Tool Transfer;Mshta;Execution;Lateral Movement;Windows Management Instrumentation Event Subscription,Aquatic Panda;ShrinkLocker;Modify Cloud Compute Configurations;Phishing,Education,ZA,Credentials;Internal;Medical;Personal;Unknown,Basic Web Application Attacks;System Intrusion;Social Engineering,Financial;Fun;Unknown
45,Web Shell,Europe,Medium,Medium,Hybrid,3,1,120,Web Shell;Ransomware,System Network Configuration Discovery;Group Policy Modification;Resource Development;File Transfer Protocols;Acquire Infrastructure;RC Scripts,Replication Through Removable Media;NightClub;Web Shell;Play,Education,CH,Credentials;Internal;Medical;Personal;Unknown,Basic Web Application Attacks;System Intrusion;Social Engineering,Financial;Fun;Unknown
46,Remote Access Trojan,North America,Medium,Medium,Hybrid,1,1,150,Remote Access Trojan;Ransomware;Data Breach,Exfiltration Over Asymmetric Encrypted Non-C2 Protocol;Local Data Staging;Databases;Cloud Accounts,Chaos;Windows Management Instrumentation Event Subscription;Insider Threat;Sandworm Team,Finance,US,Bank;Credentials;Internal;Medical;Payment,Basic Web Application Attacks;System Intrusion;Social Engineering;Everything Else,Espionage;Financial;Fun
47,Web Shell,Asia,Large,High,In-house,4,5,30,Web Shell;Data Breach,Remote Services;Disable or Modify Network Device Firewall;Resource Development;Impact;Clear Command History;RC Scripts;DNS Server;Dynamic Data Exchange;Password Guessing,Insider Threat;P.A.S. Webshell;Web Portal Capture;Sandworm Team,Finance,IN,Bank;Credentials;Internal;Medical;Payment,Basic Web Application Attacks;System Intrusion;Social Engineering;Everything Else,Espionage;Financial;Fun
48,Banking Trojan,Africa,Small,Low,Outsourced,3,1,210,Banking Trojan,Establish Accounts;Privilege Escalation;Archive via Custom Method;Command And Control;Delete Cloud Instance,Aquatic Panda;Remote Access Trojan;LSASS Memory;Meteor,Professional Services,ZA,Bank;Classified;Credentials;Internal;Medical,Basic Web Application Attacks;System Intrusion;Social Engineering;Everything Else,Espionage;Financial;Fun
49,Phishing,Asia,Small,Medium,Outsourced,4,2,150,Phishing;Data Breach,Exfiltration Over Asymmetric Encrypted Non-C2 Protocol;Social Media Accounts;Parent PID Spoofing;Registry Run Keys / Startup Folder;Exfiltration Over Unencrypted Non-C2 Protocol;Archive via Custom Method,Data Encrypted for Impact;NightClub;Play;Data Breach,Healthcare,IN,Bank;Credentials;Internal;Medical;Payment,Privilege Misuse;Basic Web Application Attacks;System Intrusion;Social Engineering,Financial;Fun;Unknown
50,Remote Access Trojan,Africa,Medium,Medium,Hybrid,2,5,150,Remote Access Trojan;Insider Threat;Data Breach,SMB/Windows Admin Shares;Web Services;Vulnerability Scanning;Privilege Escalation;Password Guessing;Databases,ShrinkLocker;Windows Management Instrumentation Event Subscription;Remote Access Trojan,Government,ZA,Classified;Credentials;Internal;Medical;Personal,Basic Web Application Attacks;System Intrusion;Social Engineering;Denial of Service,Espionage;Financial;Fun
51,Web Shell,Africa,Large,High,Outsourced,3,2,120,Web Shell,System Network Configuration Discovery;Defense Evasion,RTM;Windows Management Instrumentation Event Subscription;NightClub;Data Breach,Retail,ZA,Bank;Credentials;Internal;Medical;Payment,Basic Web Application Attacks;System Intrusion;Social Engineering,Financial;Fun;Grudge
52,Ransomware,North America,Medium,High,Hybrid,1,5,60,Ransomware;Banking Trojan;Web Shell,Execution;Browser Information Discovery;Defense Evasion,Business Relationships;Ransomware;SilverTerrier;Pacu,Retail,MX,Bank;Credentials;Internal;Medical;Payment,Basic Web Application Attacks;System Intrusion;Social Engineering,Financial;Fun;Grudge
53,Web Shell,Oceania,Large,Low,Hybrid,3,2,180,Web Shell;Ransomware,Digital Certificates;Lateral Movement;Gather Victim Identity Information;Initial Access;System Network Configuration Discovery,Poseidon Group;Banking Trojan;ShimRat,Technology,AU,Credentials;Internal;Other;Payment;Personal,Basic Web Application Attacks;System Intrusion;Social Engineering;Denial of Service,Espionage;Financial;Fun
54,Web Shell,Europe,Small,Low,Outsourced,1,2,60,Web Shell;Data Breach,Silver Ticket;Mshta;Exfiltration Over Asymmetric Encrypted Non-C2 Protocol;Password Guessing,Play;VERMIN;LSASS Memory,Education,RU,Credentials;Internal;Medical;Personal;Unknown,Basic Web Application Attacks;System Intrusion;Social Engineering,Financial;Fun;Unknown
55,Web Shell,Asia,Medium,Low,Hybrid,1,1,180,Web Shell;Remote Access Trojan;Data Breach,Ingress Tool Transfer;Discovery;Execution;Publish/Subscribe Protocols;Command And Control;Lateral Tool Transfer;DNS Server;Disable or Modify Network Device Firewall;Vulnerability Scanning,Phishing;Exfiltration Over Unencrypted Non-C2 Protocol;APT3,Technology,KR,Credentials;Internal;Other;Payment;Personal,Basic Web Application Attacks;System Intrusion;Social Engineering;Denial of Service,Espionage;Financial;Fun
56,Crypto Miner,North America,Medium,Low,Hybrid,3,2,180,Crypto Miner,SMB/Windows Admin Shares;Invalid Code Signature;Group Policy Discovery,Meteor;Ke3chang;Replication Through Removable Media,Technology,US,Credentials;Internal;Other;Payment;Personal,Basic Web Application Attacks;System Intrusion;Social Engineering;Denial of Service,Espionage;Financial;Fun
57,Web Shell,Africa,Medium,Low,In-house,5,2,210,Web Shell;Data Breach,Archive via Custom Method;Execution;Local Data Staging;Domain Groups;Collection;Registry Run Keys / Startup Folder;Exfiltration Over Bluetooth;Disable or Modify Network Device Firewall;Lateral Tool Transfer;Ingress Tool Transfer,Zeus Panda;Moonstone Sleet;Banking Trojan,Technology,ZA,Credentials;Internal;Other;Payment;Personal,Basic Web Application Attacks;System Intrusion;Social Engineering;Denial of Service,Espionage;Financial;Fun
58,Ransomware,Africa,Small,Low,Hybrid,4,1,120,Ransomware,Initial Access;Lateral Movement;Acquire Infrastructure;Resource Development;Web Protocols;Discovery;Dynamic Data Exchange,ShrinkLocker;Ransomware;Web Portal Capture;APT3,Healthcare,ZA,Bank;Credentials;Internal;Medical;Payment,Privilege Misuse;Basic Web Application Attacks;System Intrusion;Social Engineering,Financial;Fun;Unknown
59,Banking Trojan,Oceania,Medium,Low,Hybrid,1,4,270,Banking Trojan,Multi-Factor Authentication;Discovery;Code Repositories;Multi-Factor Authentication Request Generation;Privilege Escalation;Develop Capabilities,Insider Threat;LSASS Memory;Zeus Panda,Professional Services,NZ,Bank;Classified;Credentials;Internal;Medical,Basic Web Application Attacks;System Intrusion;Social Engineering;Everything Else,Espionage;Financial;Fun
60,Data Breach,North America,Medium,Medium,Outsourced,2,1,210,Data Breach,Domain Groups;Registry Run Keys / Startup Folder;Resource Development;Exfiltration Over Unencrypted Non-C2 Protocol;Remote Services;Silver Ticket;Archive via Custom Method;Disable or Modify Network Device Firewall;Privilege Escalation;Exfiltration Over Bluetooth,Ransomware;Kinsing;Network Trust Dependencies,Retail,US,Bank;Credentials;Internal;Medical;Payment,Basic Web Application Attacks;System Intrusion;Social Engineering,Financial;Fun;Grudge
61,Data Breach,Middle East,Large,High,In-house,5,2,300,Data Breach,Password Guessing;Privilege Escalation;Resource Development;Reconnaissance;Dynamic Data Exchange;Remote Services;Exfiltration Over Unencrypted Non-C2 Protocol;Collection;Exfiltration Over Asymmetric Encrypted Non-C2 Protocol;Cloud Accounts,Ransomware;Steal Application Access Token;P.A.S. Webshell;Poseidon Group,Retail,IL,Bank;Credentials;Internal;Medical;Payment,Basic Web Application Attacks;System Intrusion;Social Engineering,Financial;Fun;Grudge
62,Remote Access Trojan,Oceania,Large,Medium,In-house,4,2,120,Remote Access Trojan,Discovery;Remote Access Tools;Virtual Private Server;Resource Development;DNS;Data Encoding;Defense Evasion;Browser Information Discovery,Web Shell;Sandworm Team;Chaos,Education,AU,Credentials;Internal;Medical;Personal;Unknown,Basic Web Application Attacks;System Intrusion;Social Engineering,Financial;Fun;Unknown
63,Data Breach,North America,Medium,Medium,Outsourced,3,5,240,Data Breach;Ransomware;Supply Chain,Lateral Movement;Execution;Code Signing Certificates;Invalid Code Signature,Remote Access Tools;NightClub;Web Shell,Retail,US,Bank;Credentials;Internal;Medical;Payment,Basic Web Application Attacks;System Intrusion;Social Engineering,Financial;Fun;Grudge
64,Ransomware,Oceania,Large,High,In-house,5,1,150,Ransomware,Browser Information Discovery;Windows Management Instrumentation Event Subscription;Discovery,Play;Modify Cloud Compute Configurations;Banking Trojan;NightClub,Education,AU,Credentials;Internal;Medical;Personal;Unknown,Basic Web Application Attacks;System Intrusion;Social Engineering,Financial;Fun;Unknown
65,Remote Access Trojan,Europe,Medium,Low,Hybrid,3,4,30,Remote Access Trojan;Data Breach,Publish/Subscribe Protocols;Resource Development;DNS Server;RC Scripts;Search Victim-Owned Websites;Data Encoding;Discovery;Dynamic Data Exchange;Remote Email Collection;Reconnaissance;DNS,DDoS;Aquatic Panda;REvil;Replication Through Removable Media,Education,GB,Credentials;Internal;Medical;Personal;Unknown,Basic Web Application Attacks;System Intrusion;Social Engineering,Financial;Fun;Unknown
66,Data Breach,Europe,Large,High,Outsourced,4,4,150,Data Breach;Remote Access Trojan,Local Data Staging;Impact;Command And Control;Publish/Subscribe Protocols;Cloud Accounts;Resource Development;Defense Evasion;Discovery;Remote Services;Data Encoding,Remote Access Trojan;Zeus Panda;Code Signing,Education,IE,Credentials;Internal;Medical;Personal;Unknown,Basic Web Application Attacks;System Intrusion;Social Engineering,Financial;Fun;Unknown
67,Web Shell,North America,Medium,Low,Outsourced,3,2,150,Web Shell;Ransomware,Impact;Windows File and Directory Permissions Modification;Collection;File Transfer Protocols;Vulnerability Scanning;Resource Development,Replication Through Removable Media;TA577;DarkTortilla;Data Breach,Healthcare,US,Bank;Credentials;Internal;Medical;Payment,Privilege Misuse;Basic Web Application Attacks;System Intrusion;Social Engineering,Financial;Fun;Unknown
68,Ransomware,North America,Large,Medium,Hybrid,3,1,270,Ransomware;Phishing,Business Relationships;Initial Access;Code Repositories;Execution;System Owner/User Discovery;Credential Access;Browser Information Discovery;Replication Through Removable Media,Bad Rabbit;Phishing;DarkVishnya,Healthcare,US,Bank;Credentials;Internal;Medical;Payment,Privilege Misuse;Basic Web Application Attacks;System Intrusion;Social Engineering,Financial;Fun;Unknown
69,Data Breach,Europe,Medium,Medium,Hybrid,1,4,150,Data Breach,Disable or Modify Network Device Firewall;Silver Ticket;Dynamic Data Exchange;Password Guessing,Steal Application Access Token;Banking Trojan;ShimRat,Healthcare,GB,Bank;Credentials;Internal;Medical;Payment,Privilege Misuse;Basic Web Application Attacks;System Intrusion;Social Engineering,Financial;Fun;Unknown
70,Phishing,Oceania,Medium,Low,In-house,2,2,210,Phishing,Resource Development;Botnet;Execution;Right-to-Left Override;XSL Script Processing;IP Addresses;Business Relationships,Exfiltration Over Unencrypted Non-C2 Protocol;Gamaredon Group;REvil;Remote Access Trojan,Healthcare,AU,Bank;Credentials;Internal;Medical;Payment,Privilege Misuse;Basic Web Application Attacks;System Intrusion;Social Engineering,Financial;Fun;Unknown
71,Phishing,North America,Large,Low,Outsourced,3,1,210,Phishing;Supply Chain;Data Breach,Hijack Execution Flow;Collection,Phishing;RTM;Data Encrypted for Impact;Penquin,Professional Services,US,Bank;Classified;Credentials;Internal;Medical,Basic Web Application Attacks;System Intrusion;Social Engineering;Everything Else,Espionage;Financial;Fun
72,Remote Access Trojan,Europe,Small,High,Hybrid,1,2,330,Remote Access Trojan;Ransomware;Web Shell,System Network Configuration Discovery;Collection;File Transfer Protocols;Ingress Tool Transfer;Publish/Subscribe Protocols;Defense Evasion;Web Protocols,NightClub;Data Breach;SilverTerrier;Resource Hijacking,Education,DE,Credentials;Internal;Medical;Personal;Unknown,Basic Web Application Attacks;System Intrusion;Social Engineering,Financial;Fun;Unknown
73,Ransomware,Oceania,Medium,Low,Hybrid,4,3,180,Ransomware;Web Shell;Supply Chain,Execution;Reconnaissance;Local Accounts;Clear Command History;System Network Configuration Discovery;RC Scripts;Compromise Software Supply Chain;Command Obfuscation;Hijack Execution Flow,Data Breach;Web Portal Capture;NightClub;APT3,Healthcare,NZ,Bank;Credentials;Internal;Medical;Payment,Privilege Misuse;Basic Web Application Attacks;System Intrusion;Social Engineering,Financial;Fun;Unknown
74,Remote Access Trojan,Europe,Medium,Medium,Outsourced,5,1,210,Remote Access Trojan;Ransomware,DNS Server;Resource Development,VERMIN;Insider Threat;Moonstone Sleet,Education,GB,Credentials;Internal;Medical;Personal;Unknown,Basic Web Application Attacks;System Intrusion;Social Engineering,Financial;Fun;Unknown
75,Ransomware,Europe,Medium,High,In-house,3,5,210,Ransomware;Insider Threat,Data from Network Shared Drive;Binary Padding;Malicious Link;Browser Information Discovery;Command Obfuscation;Windows Management Instrumentation Event Subscription;Execution;Cloud Accounts;Lateral Movement;Disk Wipe,Data Breach;NightClub;SilverTerrier;Code Signing,Other Services,FR,Credentials;Internal;Medical;Other;Payment,Basic Web Application Attacks;System Intrusion;Social Engineering;Denial of Service,Espionage;Financial;Fun
76,Web Shell,North America,Medium,Low,Hybrid,3,4,120,Web Shell;Data Breach;DDoS,Impact;Digital Certificates;Gather Victim Identity Information;Group Policy Modification;Reflection Amplification;Defense Evasion;Disk Wipe;Domain Groups;Command Obfuscation,Zeus Panda;Windows Management Instrumentation Event Subscription;Aquatic Panda,Other Services,MX,Credentials;Internal;Medical;Other;Payment,Basic Web Application Attacks;System Intrusion;Social Engineering;Denial of Service,Espionage;Financial;Fun
77,Insider Threat,Middle East,Medium,Medium,Hybrid,2,5,180,Insider Threat;Ransomware,Collection;Web Services,Code Signing;Moonstone Sleet;P.A.S. Webshell,Technology,AE,Credentials;Internal;Other;Payment;Personal,Basic Web Application Attacks;System Intrusion;Social Engineering;Denial of Service,Espionage;Financial;Fun
78,DDoS,North America,Small,High,Outsourced,2,3,270,DDoS;Web Shell;Data Breach,Group Policy Modification;Timestomp;Exfiltration Over Bluetooth;Overwrite Process Arguments;Endpoint Denial of Service;Domain Groups;Initial Access;File Transfer Protocols,Business Relationships;Banking Trojan;APT3,Technology,US,Credentials;Internal;Other;Payment;Personal,Basic Web Application Attacks;System Intrusion;Social Engineering;Denial of Service,Espionage;Financial;Fun
79,Phishing,Europe,Medium,Medium,Hybrid,4,3,270,Phishing;Crypto Miner,Group Policy Discovery;Botnet,Search Engines;Phishing;VERMIN;Carbanak,Healthcare,GB,Bank;Credentials;Internal;Medical;Payment,Privilege Misuse;Basic Web Application Attacks;System Intrusion;Social Engineering,Financial;Fun;Unknown
80,DDoS,Europe,Small,Medium,Hybrid,4,5,120,DDoS;Supply Chain,Impact;Code Signing Certificates;Reflection Amplification;Command Obfuscation;Compromise Hardware Supply Chain;Establish Accounts;Privilege Escalation;Network Trust Dependencies;Execution,RTM;Code Signing;VERMIN;Supply Chain,Technology,GB,Credentials;Internal;Other;Payment;Personal,Basic Web Application Attacks;System Intrusion;Social Engineering;Denial of Service,Espionage;Financial;Fun
81,Web Shell,Asia,Medium,Low,In-house,5,5,300,Web Shell;Banking Trojan,Archive via Custom Method;Gather Victim Identity Information;Delete Cloud Instance;File Transfer Protocols;Vulnerability Scanning;Digital Certificates;Develop Capabilities;System Network Configuration Discovery;Code Repositories,SodaMaster;DarkVishnya;Banking Trojan;Replication Through Removable Media,Retail,KR,Bank;Credentials;Internal;Medical;Payment,Basic Web Application Attacks;System Intrusion;Social Engineering,Financial;Fun;Grudge
82,Banking Trojan,Asia,Large,Low,Hybrid,3,2,150,Banking Trojan,Multi-Factor Authentication Request Generation;Collection;Spearphishing Voice;Multi-Factor Authentication;Credential Access;Outlook Home Page;Privilege Escalation;Persistence;Defense Evasion,Code Signing;P.A.S. Webshell;APT3,Other Services,CN,Credentials;Internal;Medical;Other;Payment,Basic Web Application Attacks;System Intrusion;Social Engineering;Denial of Service,Espionage;Financial;Fun
83,Data Breach,Asia,Small,Medium,Outsourced,4,2,30,Data Breach,Local Data Staging;Privilege Escalation;Disable or Modify Network Device Firewall;Archive via Custom Method;Exfiltration Over Bluetooth;Domain Groups;Cloud Accounts;Code Signing;Disk Wipe,Carbanak;LSASS Memory;Kinsing,Other Services,IN,Credentials;Internal;Medical;Other;Payment,Basic Web Application Attacks;System Intrusion;Social Engineering;Denial of Service,Espionage;Financial;Fun
84,Phishing,Oceania,Small,High,Outsourced,5,5,120,Phishing;Data Breach,Reconnaissance;Password Guessing;Botnet;Exfiltration Over Asymmetric Encrypted Non-C2 Protocol;Initial Access;XSL Script Processing;Exfiltration Over Unencrypted Non-C2 Protocol;Debugger Evasion;Impact;Registry Run Keys / Startup Folder;Local Accounts,Aquatic Panda;Meteor;Web Portal Capture,Healthcare,AU,Bank;Credentials;Internal;Medical;Payment,Privilege Misuse;Basic Web Application Attacks;System Intrusion;Social Engineering,Financial;Fun;Unknown
85,Remote Access Trojan,Middle East,Small,Medium,Outsourced,4,1,90,Remote Access Trojan;Phishing,Debugger Evasion;Databases;RC Scripts;Command Obfuscation;Social Media Accounts;Email Addresses;Resource Development;Collection,ShrinkLocker;Search Engines;TA577;Supply Chain,Finance,TR,Bank;Credentials;Internal;Medical;Payment,Basic Web Application Attacks;System Intrusion;Social Engineering;Everything Else,Espionage;Financial;Fun
86,Remote Access Trojan,Asia,Large,High,In-house,2,4,180,Remote Access Trojan,Collection;Vulnerability Scanning;Resource Development,Remote Access Tools;Data Breach;WINERACK,Utilities,JP,Bank;Classified;Credentials;Internal;Payment,Basic Web Application Attacks;System Intrusion;Social Engineering;Denial of Service,Espionage;Financial;Ideology
87,Web Shell,North America,Small,Low,In-house,4,3,210,Web Shell;Banking Trojan,BITS Jobs;Reconnaissance;Defense Evasion;Remote Desktop Protocol;Multi-Factor Authentication Request Generation;Command And Control;Code Repositories;Establish Accounts;RC Scripts;Gather Victim Identity Information,PowerSploit;SilverTerrier;Resource Hijacking,Technology,US,Credentials;Internal;Other;Payment;Personal,Basic Web Application Attacks;System Intrusion;Social Engineering;Denial of Service,Espionage;Financial;Fun
88,Data Breach,Middle East,Medium,High,Outsourced,3,1,330,Data Breach;Web Shell;Phishing,Privilege Escalation;Local Accounts;System Owner/User Discovery;System Network Configuration Discovery;Debugger Evasion;Exfiltration Over Bluetooth;Password Guessing;Lateral Tool Transfer,Penquin;Business Relationships;Data Breach;SideCopy,Manufacturing,AE,Bank;Classified;Credentials;Internal;Medical,Basic Web Application Attacks;System Intrusion;Social Engineering,Espionage;Financial;Fun
89,Insider Threat,North America,Medium,High,Outsourced,2,1,30,Insider Threat;Data Breach;Remote Access Trojan,Impact;Exfiltration Over Bluetooth;Data Transfer Size Limits;Binary Padding;Archive via Custom Method,Storm-1811;Search Engines;Chaos;Remote Access Trojan,Healthcare,US,Bank;Credentials;Internal;Medical;Payment,Privilege Misuse;Basic Web Application Attacks;System Intrusion;Social Engineering,Financial;Fun;Unknown
90,Remote Access Trojan,Oceania,Small,Medium,Outsourced,4,2,330,Remote Access Trojan;Ransomware;Web Shell,Credential Access;Browser Information Discovery;Dynamic Data Exchange;Virtual Private Server;System Network Configuration Discovery;Defense Evasion;Privilege Escalation;Lateral Tool Transfer;Collection;DNS Server,Akira;QakBot;DDoS,Education,AU,Credentials;Internal;Medical;Personal;Unknown,Basic Web Application Attacks;System Intrusion;Social Engineering,Financial;Fun;Unknown
91,Remote Access Trojan,Africa,Medium,Medium,Hybrid,5,1,180,Remote Access Trojan,Data Encoding;DNS Server;Network Devices;Defense Evasion;Command And Control,Moonstone Sleet;Remote Access Tools;ShimRat;Banking Trojan,Technology,ZA,Credentials;Internal;Other;Payment;Personal,Basic Web Application Attacks;System Intrusion;Social Engineering;Denial of Service,Espionage;Financial;Fun
92,Data Breach,Africa,Medium,Medium,Outsourced,3,2,270,Data Breach;Phishing,Cloud Accounts;Impact;Reconnaissance;Exfiltration Over Unencrypted Non-C2 Protocol;IP Addresses;Social Media Accounts;Parent PID Spoofing,FIN4;Web Portal Capture;SodaMaster,Government,ZA,Classified;Credentials;Internal;Medical;Personal,Basic Web Application Attacks;System Intrusion;Social Engineering;Denial of Service,Espionage;Financial;Fun
93,DDoS,Asia,Small,Medium,In-house,1,1,90,DDoS;Ransomware,Browser Information Discovery;Botnet;Windows File and Directory Permissions Modification;Reconnaissance;Establish Accounts;Credential Access;Acquire Infrastructure;Dynamic Data Exchange;Persistence;Reflection Amplification;Disable or Modify Cloud Firewall,Code Signing;Banking Trojan;QakBot,Technology,SG,Credentials;Internal;Other;Payment;Personal,Basic Web Application Attacks;System Intrusion;Social Engineering;Denial of Service,Espionage;Financial;Fun
94,Remote Access Trojan,Africa,Large,Medium,Hybrid,4,1,240,Remote Access Trojan;Ransomware,Resource Development;Search Victim-Owned Websites;Acquire Infrastructure;Credential Access;Databases;Collection;Initial Access;Virtual Private Server;Windows Management Instrumentation Event Subscription;Data Encoding;Remote Email Collection,Akira;Banking Trojan;DarkTortilla;Exfiltration Over Unencrypted Non-C2 Protocol,Education,ZA,Credentials;Internal;Medical;Personal;Unknown,Basic Web Application Attacks;System Intrusion;Social Engineering,Financial;Fun;Unknown
95,Ransomware,Europe,Large,High,In-house,2,1,60,Ransomware;Banking Trojan,Acquire Infrastructure;Privilege Escalation,Crypto Miner;Moonstone Sleet;Kinsing,Government,ES,Classified;Credentials;Internal;Medical;Personal,Basic Web Application Attacks;System Intrusion;Social Engineering;Denial of Service,Espionage;Financial;Fun
96,Web Shell,Africa,Small,Medium,In-house,4,1,180,Web Shell,Lateral Tool Transfer;File Transfer Protocols;Ingress Tool Transfer;Defense Evasion;Browser Information Discovery;DNS Server;RC Scripts;Vulnerability Scanning;Digital Certificates;Group Policy Modification;Execution,Gamaredon Group;DarkTortilla;LSASS Memory;Insider Threat,Education,ZA,Credentials;Internal;Medical;Personal;Unknown,Basic Web Application Attacks;System Intrusion;Social Engineering,Financial;Fun;Unknown
97,Data Breach,North America,Small,Medium,Outsourced,1,5,270,Data Breach,Resource Development;Local Data Staging;Remote Services;Silver Ticket;Registry Run Keys / Startup Folder;Exfiltration Over Bluetooth;Disk Wipe;Impact,NightClub;TA577;Remote Access Trojan,Professional Services,US,Bank;Classified;Credentials;Internal;Medical,Basic Web Application Attacks;System Intrusion;Social Engineering;Everything Else,Espionage;Financial;Fun
98,Banking Trojan,Europe,Large,Medium,Outsourced,2,2,120,Banking Trojan,Discovery;Delete Cloud Instance;Command And Control;Credential Access;Defense Evasion;Persistence;Bypass User Account Control,APT3;Data Breach;REvil;Steal Application Access Token,Retail,GB,Bank;Credentials;Internal;Medical;Payment,Basic Web Application Attacks;System Intrusion;Social Engineering,Financial;Fun;Grudge
99,Web Shell,Asia,Medium,High,Hybrid,4,1,270,Web Shell;Ransomware;Remote Access Trojan,Remote Email Collection;RC Scripts;Initial Access;Lateral Movement;Clear Command History;Vulnerability Scanning;DNS;Reconnaissance;Ingress Tool Transfer;Command And Control,Saint Bear;Ransomware;Remote Service Session Hijacking,Education,KR,Credentials;Internal;Medical;Personal;Unknown,Basic Web Application Attacks;System Intrusion;Social Engineering,Financial;Fun;Unknown
100,Web Shell,Europe,Medium,Low,Hybrid,3,1,90,Web Shell,Browser Information Discovery;System Network Configuration Discovery;Lateral Tool Transfer;Clear Command History;Vulnerability Scanning;Digital Certificates;Defense Evasion;Local Accounts;RC Scripts;DNS Server,Ransomware;QakBot;Data Encrypted for Impact;SideCopy,Administrative,GB,Bank;Credentials;Internal;Medical;Payment,Basic Web Application Attacks;System Intrusion;Social Engineering;Everything Else,Espionage;Financial;Fun
101,Web Shell,Europe,Medium,Medium,Hybrid,3,1,90,Web Shell;Ransomware;Data Breach,Disk Wipe;Web Protocols;Replication Through Removable Media;Command Obfuscation;Silver Ticket;Windows Management Instrumentation Event Subscription;Lateral Movement;DNS Server;Discovery,SideCopy;P.A.S. Webshell;Modify Cloud Compute Configurations;Remote Access Trojan,Education,GB,Credentials;Internal;Medical;Personal;Unknown,Basic Web Application Attacks;System Intrusion;Social Engineering,Financial;Fun;Unknown
102,Ransomware,Europe,Large,High,In-house,4,4,120,Ransomware;Remote Access Trojan;Web Shell,Dynamic Data Exchange;DNS,Remote Service Session Hijacking;SideCopy;Phishing;NightClub,Education,GB,Credentials;Internal;Medical;Personal;Unknown,Basic Web Application Attacks;System Intrusion;Social Engineering,Financial;Fun;Unknown
103,Ransomware,North America,Small,Low,Hybrid,3,4,90,Ransomware;Data Breach,Remote Services;Dynamic Data Exchange,Data Breach;Business Relationships;PowerSploit,Finance,CA,Bank;Credentials;Internal;Medical;Payment,Basic Web Application Attacks;System Intrusion;Social Engineering;Everything Else,Espionage;Financial;Fun
104,Ransomware,Oceania,Medium,Medium,Hybrid,3,3,180,Ransomware,Privilege Escalation;Reconnaissance;Resource Development;Lateral Movement;Windows Management Instrumentation Event Subscription;Initial Access,Bad Rabbit;Phishing;Web Portal Capture,Education,AU,Credentials;Internal;Medical;Personal;Unknown,Basic Web Application Attacks;System Intrusion;Social Engineering,Financial;Fun;Unknown
105,Phishing,Middle East,Medium,Low,In-house,1,1,120,Phishing;Web Shell;Ransomware,XSL Script Processing;Execution;Remote Desktop Protocol;Acquire Infrastructure;Replication Through Removable Media;IP Addresses;RC Scripts,Poseidon Group;Data Encrypted for Impact;Supply Chain;WINERACK,Education,AE,Credentials;Internal;Medical;Personal;Unknown,Basic Web Application Attacks;System Intrusion;Social Engineering,Financial;Fun;Unknown
106,DDoS,Asia,Medium,High,In-house,5,1,150,DDoS;Banking Trojan,Reflection Amplification;Multi-Factor Authentication;Overwrite Process Arguments,Ransomware;Exfiltration Over Unencrypted Non-C2 Protocol;P.A.S. Webshell,Government,JP,Classified;Credentials;Internal;Medical;Personal,Basic Web Application Attacks;System Intrusion;Social Engineering;Denial of Service,Espionage;Financial;Fun
107,DDoS,Oceania,Medium,Low,Outsourced,3,5,210,DDoS;Phishing;Ransomware,Resource Development;Disk Wipe;Privilege Escalation;Business Relationships;Domain Groups;Network Denial of Service;Social Media Accounts,SodaMaster;Poseidon Group;LSASS Memory,Finance,AU,Bank;Credentials;Internal;Medical;Payment,Basic Web Application Attacks;System Intrusion;Social Engineering;Everything Else,Espionage;Financial;Fun
108,Banking Trojan,Europe,Small,Medium,In-house,5,3,210,Banking Trojan;Remote Access Trojan,DNS;Defense Evasion;Publish/Subscribe Protocols;Search Victim-Owned Websites;Establish Accounts;Delete Cloud Instance;Local Data Staging;Databases;RC Scripts,Windows Management Instrumentation Event Subscription;FIN4;Ransomware,Government,GB,Classified;Credentials;Internal;Medical;Personal,Basic Web Application Attacks;System Intrusion;Social Engineering;Denial of Service,Espionage;Financial;Fun
109,Ransomware,Asia,Small,High,In-house,2,2,210,Ransomware;Remote Access Trojan,Collection;Remote Email Collection;Windows Management Instrumentation Event Subscription;Defense Evasion;Web Protocols;Impact;Vulnerability Scanning,Play;SodaMaster;Crypto Miner;Business Relationships,Finance,SG,Bank;Credentials;Internal;Medical;Payment,Basic Web Application Attacks;System Intrusion;Social Engineering;Everything Else,Espionage;Financial;Fun
110,Banking Trojan,Europe,Medium,Low,Outsourced,2,3,30,Banking Trojan;Remote Access Trojan,Data Encoding;Remote Access Tools;Multi-Factor Authentication Request Generation;Defense Evasion;Multi-Factor Authentication,Exfiltration Over Unencrypted Non-C2 Protocol;ShrinkLocker;Aquatic Panda;Banking Trojan,Government,GB,Classified;Credentials;Internal;Medical;Personal,Basic Web Application Attacks;System Intrusion;Social Engineering;Denial of Service,Espionage;Financial;Fun
111,Data Breach,Asia,Small,High,Outsourced,1,2,120,Data Breach;Remote Access Trojan,Disk Wipe;DNS Server;Virtual Private Server;Network Devices;Disable or Modify Network Device Firewall;Vulnerability Scanning,ShrinkLocker;Gamaredon Group;Replication Through Removable Media,Government,IN,Classified;Credentials;Internal;Medical;Personal,Basic Web Application Attacks;System Intrusion;Social Engineering;Denial of Service,Espionage;Financial;Fun
112,Data Breach,Africa,Small,High,Hybrid,3,2,270,Data Breach;Web Shell;DDoS,RC Scripts;Botnet;Lateral Tool Transfer;File Transfer Protocols;Network Denial of Service,Remote Access Tools;Data Breach;P.A.S. Webshell,Technology,ZA,Credentials;Internal;Other;Payment;Personal,Basic Web Application Attacks;System Intrusion;Social Engineering;Denial of Service,Espionage;Financial;Fun
113,Data Breach,South America,Medium,Low,Hybrid,1,4,180,Data Breach;Crypto Miner,Private Keys;Disable Crypto Hardware;Remote Services,DDoS;QakBot;Akira,Trade,AR,Bank;Credentials;Internal;Medical;Payment,Basic Web Application Attacks;System Intrusion;Everything Else,Financial;Fun;Grudge
114,Data Breach,North America,Large,High,Hybrid,1,4,180,Data Breach,Impact;Disable or Modify Network Device Firewall;Registry Run Keys / Startup Folder;Silver Ticket;Dynamic Data Exchange,Data Encrypted for Impact;Meteor;Poseidon Group,Technology,US,Credentials;Internal;Other;Payment;Personal,Basic Web Application Attacks;System Intrusion;Social Engineering;Denial of Service,Espionage;Financial;Fun
115,Banking Trojan,Oceania,Medium,Low,Outsourced,4,4,30,Banking Trojan;DDoS,Persistence;Command Obfuscation;Botnet;Timestomp;BITS Jobs;Delete Cloud Instance;Initial Access,Network Trust Dependencies;Sandworm Team;Banking Trojan;QakBot,Government,AU,Classified;Credentials;Internal;Medical;Personal,Basic Web Application Attacks;System Intrusion;Social Engineering;Denial of Service,Espionage;Financial;Fun
116,Banking Trojan,Europe,Small,Medium,Outsourced,4,2,210,Banking Trojan,Defense Evasion;Discovery;Persistence;Spearphishing Voice;Privilege Escalation;Develop Capabilities;Bypass User Account Control;Collection;Resource Development;Credential Access;Code Repositories,Mispadu;RTM;Resource Hijacking;Banking Trojan,Hospitality,FR,Bank;Credentials;Internal;Payment;Personal,Basic Web Application Attacks;System Intrusion;Social Engineering;Everything Else,Financial;Ideology;Unknown
117,Ransomware,North America,Large,High,Outsourced,4,3,210,Ransomware;Web Shell,Gather Victim Identity Information;Execution,Data Encrypted for Impact;DDoS;Ke3chang,Education,US,Credentials;Internal;Medical;Personal;Unknown,Basic Web Application Attacks;System Intrusion;Social Engineering,Financial;Fun;Unknown
118,Web Shell,North America,Large,Medium,Hybrid,3,1,180,Web Shell;Remote Access Trojan,Vulnerability Scanning;RC Scripts;Data Encrypted for Impact;Collection,Akira;Modify Cloud Compute Configurations;ShimRat;Insider Threat,Education,US,Credentials;Internal;Medical;Personal;Unknown,Basic Web Application Attacks;System Intrusion;Social Engineering,Financial;Fun;Unknown
119,Data Breach,North America,Small,Medium,In-house,1,4,240,Data Breach;Banking Trojan,Exfiltration Over Asymmetric Encrypted Non-C2 Protocol;Impact;Silver Ticket;Disable or Modify Network Device Firewall;Registry Run Keys / Startup Folder;Code Signing;Establish Accounts;Domain Groups;Exfiltration Over Bluetooth;Reconnaissance;Multi-Factor Authentication,TA577;Data Encrypted for Impact;Bad Rabbit;Remote Access Trojan,Entertainment,US,Bank;Credentials;Internal;Medical;Other,Basic Web Application Attacks;System Intrusion;Social Engineering;Everything Else,Financial;Fun;Grudge
120,Data Breach,Middle East,Small,High,Hybrid,2,1,360,Data Breach;Ransomware,Remote Services;Resource Development;Cloud Accounts;Domain Groups;Impact;Exfiltration Over Bluetooth;Lateral Movement;Exfiltration Over Asymmetric Encrypted Non-C2 Protocol;Command Obfuscation,DDoS;Kinsing;Saint Bear,Administrative,TR,Bank;Credentials;Internal;Medical;Payment,Basic Web Application Attacks;System Intrusion;Social Engineering;Everything Else,Espionage;Financial;Fun
121,Ransomware,Oceania,Large,Medium,Hybrid,5,2,300,Ransomware;Web Shell;Data Breach,Reconnaissance;Exfiltration Over Unencrypted Non-C2 Protocol;Silver Ticket;Browser Information Discovery;Initial Access;Disable or Modify Network Device Firewall;Archive via Custom Method;Data Encrypted for Impact,Steal Application Access Token;Chaos;DarkVishnya;Web Shell,Retail,NZ,Bank;Credentials;Internal;Medical;Payment,Basic Web Application Attacks;System Intrusion;Social Engineering,Financial;Fun;Grudge
122,Banking Trojan,North America,Medium,High,Hybrid,4,4,150,Banking Trojan,Collection;Transmitted Data Manipulation;Delete Cloud Instance;Outlook Home Page;Resource Development,Sandworm Team;DarkTortilla;Data Breach;Web Portal Capture,Government,US,Classified;Credentials;Internal;Medical;Personal,Basic Web Application Attacks;System Intrusion;Social Engineering;Denial of Service,Espionage;Financial;Fun
123,Data Breach,North America,Small,Medium,Outsourced,2,2,30,Data Breach;Web Shell,Impact;Clear Command History,DarkVishnya;Data Encrypted for Impact;DarkTortilla;Web Shell,Technology,US,Credentials;Internal;Other;Payment;Personal,Basic Web Application Attacks;System Intrusion;Social Engineering;Denial of Service,Espionage;Financial;Fun
124,Remote Access Trojan,Middle East,Small,Medium,In-house,3,4,330,Remote Access Trojan;Ransomware;Web Shell,Discovery;Command And Control;Dynamic Data Exchange;Group Policy Modification;Lateral Tool Transfer;System Network Configuration Discovery;Privilege Escalation;Gather Victim Identity Information;Digital Certificates,SodaMaster;Search Engines;Carbanak,Education,IL,Credentials;Internal;Medical;Personal;Unknown,Basic Web Application Attacks;System Intrusion;Social Engineering,Financial;Fun;Unknown
125,Phishing,North America,Small,High,Outsourced,3,4,210,Phishing;Insider Threat,Social Media Accounts;Botnet;Control Panel;SMB/Windows Admin Shares;Local Accounts;System Owner/User Discovery;VNC;Resource Development;Data from Network Shared Drive;Code Repositories;Parent PID Spoofing,SodaMaster;RTM;DDoS,Healthcare,US,Bank;Credentials;Internal;Medical;Payment,Privilege Misuse;Basic Web Application Attacks;System Intrusion;Social Engineering,Financial;Fun;Unknown
126,Remote Access Trojan,North America,Small,High,Outsourced,3,4,240,Remote Access Trojan;Data Breach,DNS;Archive via Custom Method;Collection;Remote Email Collection;Impact;Network Devices;Exfiltration Over Bluetooth;Exfiltration Over Unencrypted Non-C2 Protocol,LAPSUS$;Exfiltration Over Unencrypted Non-C2 Protocol;DDoS;Mispadu,Government,US,Classified;Credentials;Internal;Medical;Personal,Basic Web Application Attacks;System Intrusion;Social Engineering;Denial of Service,Espionage;Financial;Fun
127,Insider Threat,Europe,Medium,Medium,Hybrid,1,5,360,Insider Threat;DDoS,SMB/Windows Admin Shares;Exfiltration;Scheduled Transfer;Bandwidth Hijacking;Data from Network Shared Drive;Disable or Modify Cloud Firewall;Employee Names;Purchase Technical Data;Command and Scripting Interpreter;Command Obfuscation;Relocate Malware,PowerSploit;Remote Access Trojan;Ke3chang;Data Encrypted for Impact,Trade,GB,Bank;Credentials;Internal;Medical;Payment,Basic Web Application Attacks;System Intrusion;Everything Else,Financial;Fun;Grudge
128,Ransomware,Oceania,Large,Medium,Outsourced,4,1,240,Ransomware;Web Shell,Lateral Movement;Mshta;Domain Groups;Gather Victim Identity Information;Defense Evasion;Local Accounts;Windows File and Directory Permissions Modification;Impact,QakBot;Insider Threat;Aquatic Panda,Education,AU,Credentials;Internal;Medical;Personal;Unknown,Basic Web Application Attacks;System Intrusion;Social Engineering,Financial;Fun;Unknown
129,Ransomware,Asia,Small,High,In-house,5,2,300,Ransomware;Remote Access Trojan,Impact;Command Obfuscation;DNS Server;Execution;RC Scripts;Replication Through Removable Media;Acquire Infrastructure;Search Victim-Owned Websites;Virtual Private Server;Windows File and Directory Permissions Modification,Chaos;Insider Threat;Aquatic Panda,Education,IN,Credentials;Internal;Medical;Personal;Unknown,Basic Web Application Attacks;System Intrusion;Social Engineering,Financial;Fun;Unknown
130,Ransomware,North America,Large,Low,In-house,1,1,120,Ransomware;Data Breach,Impact;Initial Access;Defense Evasion;Acquire Infrastructure;Exfiltration Over Bluetooth;Domain Groups;Credential Access,REvil;Replication Through Removable Media;Ransomware,Education,US,Credentials;Internal;Medical;Personal;Unknown,Basic Web Application Attacks;System Intrusion;Social Engineering,Financial;Fun;Unknown
131,DDoS,Asia,Large,High,Outsourced,3,4,150,DDoS;Supply Chain;Banking Trojan,Identify Business Tempo;Code Signing Certificates;Endpoint Denial of Service,Play;ShimRat;Remote Service Session Hijacking,Finance,PH,Bank;Credentials;Internal;Medical;Payment,Basic Web Application Attacks;System Intrusion;Social Engineering;Everything Else,Espionage;Financial;Fun
132,Phishing,Oceania,Medium,High,Hybrid,3,1,90,Phishing;Banking Trojan,Parent PID Spoofing;Email Addresses;Command And Control;Command Obfuscation;Control Panel;IP Addresses;Code Repositories;Reconnaissance,Remote Access Trojan;Zeus Panda;Steal Application Access Token;Akira,Healthcare,NZ,Bank;Credentials;Internal;Medical;Payment,Privilege Misuse;Basic Web Application Attacks;System Intrusion;Social Engineering,Financial;Fun;Unknown
133,Banking Trojan,Oceania,Large,Low,Hybrid,5,1,360,Banking Trojan,Bypass User Account Control;BITS Jobs;Privilege Escalation;Resource Development;Defense Evasion;Transmitted Data Manipulation;Spearphishing Voice;Multi-Factor Authentication,DDoS;Windows Management Instrumentation Event Subscription;Zeus Panda,Retail,AU,Bank;Credentials;Internal;Medical;Payment,Basic Web Application Attacks;System Intrusion;Social Engineering,Financial;Fun;Grudge
134,Insider Threat,North America,Large,Low,Outsourced,3,2,90,Insider Threat;Banking Trojan,BITS Jobs;Discovery,QakBot;Carbanak;Insider Threat,Healthcare,US,Bank;Credentials;Internal;Medical;Payment,Privilege Misuse;Basic Web Application Attacks;System Intrusion;Social Engineering,Financial;Fun;Unknown
135,Web Shell,Europe,Medium,High,Hybrid,4,5,60,Web Shell;Ransomware;Data Breach,Registry Run Keys / Startup Folder;Windows Management Instrumentation Event Subscription;File Transfer Protocols;DNS Server;Clear Command History,Akira;Mispadu;Search Engines,Education,GB,Credentials;Internal;Medical;Personal;Unknown,Basic Web Application Attacks;System Intrusion;Social Engineering,Financial;Fun;Unknown
136,Web Shell,Oceania,Small,High,Outsourced,1,4,120,Web Shell;Ransomware,Clear Command History;Dynamic Data Exchange;Impact;Gather Victim Identity Information;Credential Access;Vulnerability Scanning;File Transfer Protocols;Windows Management Instrumentation Event Subscription;Domain Groups,Play;P.A.S. Webshell;Insider Threat;Network Trust Dependencies,Technology,AU,Credentials;Internal;Other;Payment;Personal,Basic Web Application Attacks;System Intrusion;Social Engineering;Denial of Service,Espionage;Financial;Fun
137,Ransomware,North America,Small,Low,In-house,2,4,150,Ransomware;DDoS,Botnet;Bandwidth Hijacking;Timestomp;Relocate Malware,Code Signing;RTM;Meteor,Technology,US,Credentials;Internal;Other;Payment;Personal,Basic Web Application Attacks;System Intrusion;Social Engineering;Denial of Service,Espionage;Financial;Fun
138,DDoS,Oceania,Large,High,Hybrid,2,4,240,DDoS;Banking Trojan,Collection;Multi-Factor Authentication Request Generation;Outlook Home Page;Privilege Escalation;Resource Development;Disable or Modify Cloud Firewall;Develop Capabilities;Command Obfuscation;Multi-Factor Authentication;Discovery;Transmitted Data Manipulation,Akira;Modify Cloud Compute Configurations;Supply Chain,Technology,AU,Credentials;Internal;Other;Payment;Personal,Basic Web Application Attacks;System Intrusion;Social Engineering;Denial of Service,Espionage;Financial;Fun
139,Insider Threat,Europe,Medium,Medium,In-house,4,1,240,Insider Threat;DDoS,Impact;Malicious Link;Data from Network Shared Drive;Scheduled Transfer;Reflection Amplification;Command Obfuscation;Binary Padding;VNC;Disk Wipe;Cloud Accounts;Archive via Custom Method,Web Portal Capture;SideCopy;Penquin,Manufacturing,NL,Bank;Classified;Credentials;Internal;Medical,Basic Web Application Attacks;System Intrusion;Social Engineering,Espionage;Financial;Fun
140,Ransomware,Oceania,Small,High,Hybrid,2,1,150,Ransomware,Initial Access;Lateral Movement;Resource Development;Execution;Domain Groups,Web Shell;Poseidon Group;Remote Service Session Hijacking;PowerSploit,Healthcare,AU,Bank;Credentials;Internal;Medical;Payment,Privilege Misuse;Basic Web Application Attacks;System Intrusion;Social Engineering,Financial;Fun;Unknown
141,Remote Access Trojan,North America,Medium,Medium,In-house,3,5,150,Remote Access Trojan,Command And Control;Discovery;Browser Information Discovery;DNS,ShimRat;Code Signing;Crypto Miner;SilverTerrier,Government,US,Classified;Credentials;Internal;Medical;Personal,Basic Web Application Attacks;System Intrusion;Social Engineering;Denial of Service,Espionage;Financial;Fun
142,Web Shell,Europe,Medium,High,In-house,2,4,270,Web Shell;Remote Access Trojan,Remote Email Collection;Search Victim-Owned Websites;System Network Configuration Discovery;Ingress Tool Transfer;Reconnaissance;Execution;Clear Command History;Network Devices;Databases,Data Breach;Remote Service Session Hijacking;DarkTortilla;LAPSUS$,Government,GB,Classified;Credentials;Internal;Medical;Personal,Basic Web Application Attacks;System Intrusion;Social Engineering;Denial of Service,Espionage;Financial;Fun
143,Web Shell,Asia,Large,High,In-house,2,5,150,Web Shell;Ransomware,Dynamic Data Exchange;Resource Development;Discovery;Windows File and Directory Permissions Modification;Lateral Movement;Credential Access;Domain Groups;Command Obfuscation,DDoS;Replication Through Removable Media;DarkTortilla,Education,IN,Credentials;Internal;Medical;Personal;Unknown,Basic Web Application Attacks;System Intrusion;Social Engineering,Financial;Fun;Unknown
144,Banking Trojan,Oceania,Medium,High,In-house,3,1,210,Banking Trojan;Supply Chain;Remote Access Trojan,Defense Evasion;Data Encoding;Hijack Execution Flow;Virtual Private Server;Multi-Factor Authentication Request Generation;Outlook Home Page,LAPSUS$;Code Signing;WINERACK,Hospitality,NZ,Bank;Credentials;Internal;Payment;Personal,Basic Web Application Attacks;System Intrusion;Social Engineering;Everything Else,Financial;Ideology;Unknown
145,Data Breach,Middle East,Small,Low,In-house,3,1,210,Data Breach,Code Signing;Exfiltration Over Asymmetric Encrypted Non-C2 Protocol;Exfiltration Over Bluetooth;Privilege Escalation;Reconnaissance;Archive via Custom Method;Collection;Registry Run Keys / Startup Folder,RTM;Replication Through Removable Media;Pacu;Insider Threat,Government,TR,Classified;Credentials;Internal;Medical;Personal,Basic Web Application Attacks;System Intrusion;Social Engineering;Denial of Service,Espionage;Financial;Fun
146,Web Shell,North America,Large,High,Outsourced,1,5,180,Web Shell;Banking Trojan;DDoS,Resource Development;Reconnaissance;Timestomp;Outlook Home Page;Spearphishing Voice;Command And Control;Vulnerability Scanning;Clear Command History;Code Repositories;Delete Cloud Instance,Resource Hijacking;Meteor;Data Breach;LAPSUS$,Other Services,US,Credentials;Internal;Medical;Other;Payment,Basic Web Application Attacks;System Intrusion;Social Engineering;Denial of Service,Espionage;Financial;Fun
147,Data Breach,Oceania,Large,Low,In-house,3,4,150,Data Breach;Ransomware,Replication Through Removable Media;Discovery;Silver Ticket;Disable or Modify Network Device Firewall;Acquire Infrastructure;Local Data Staging;Windows File and Directory Permissions Modification;Registry Run Keys / Startup Folder;Command Obfuscation,Chaos;Carbanak;Data Breach,Healthcare,AU,Bank;Credentials;Internal;Medical;Payment,Privilege Misuse;Basic Web Application Attacks;System Intrusion;Social Engineering,Financial;Fun;Unknown
148,Ransomware,Middle East,Medium,Low,In-house,3,4,240,Ransomware;Phishing;Insider Threat,Command and Scripting Interpreter;Windows Management Instrumentation Event Subscription;Reconnaissance,Pacu;DDoS;Data Encrypted for Impact;Aquatic Panda,Healthcare,IL,Bank;Credentials;Internal;Medical;Payment,Privilege Misuse;Basic Web Application Attacks;System Intrusion;Social Engineering,Financial;Fun;Unknown
149,DDoS,Asia,Medium,Medium,Hybrid,5,2,210,DDoS,Botnet;Disable or Modify Cloud Firewall;Credential Access;Timestomp;Command Obfuscation;Bandwidth Hijacking;Persistence;Impact,Sandworm Team;Data Breach;PowerSploit,Technology,IN,Credentials;Internal;Other;Payment;Personal,Basic Web Application Attacks;System Intrusion;Social Engineering;Denial of Service,Espionage;Financial;Fun
150,Ransomware,South America,Medium,High,Outsourced,1,4,30,Ransomware;Phishing,Command Obfuscation;Web Protocols;System Owner/User Discovery,Crypto Miner;DarkVishnya;Modify Cloud Compute Configurations;Zeus Panda,Healthcare,AR,Bank;Credentials;Internal;Medical;Payment,Privilege Misuse;Basic Web Application Attacks;System Intrusion;Social Engineering,Financial;Fun;Unknown
